Skeleton ID,Max Cranial Length,Max Cranial Breadth,Bizygomatic Diameter,Basion-Bregma Height,Cranial Base Length,Basion-Prosthion Length,Maxillo-Alveolar Length,Biauricular Breadth,Upper Facial Height,Min Frontal Breadth,Upper Facial Breadth,Nasal Height,Nasal Breadth,Orbital Breadth,Orbital Height,Biorbital Breadth,Interorbital Breadth,Front Chord,Parietal Chord,Occipital Chord,Foramen Magnum Length,Foramen Magnum Breadth,Mastoid Length,Chin Height,Mand Body Height,Mand Body Breadth,Bigonial Width,Bicondylar Breadth,Min Ramus Breadth,Max Ramus Breadth,Max Ramus Height,Mandibular Length,Mandibular Angle,Clavicle Max Length,Clavicle A-P Diam Midshaft,Clavicle S-I Diam Midshaft,Scapula Height,Scapula Breadth,Humerus Max Length,Humerus Epicon Breadth,Humerus Vert Diam Head,Humerus Max Diam Midshaft,Humerus Min Diam Midshaft,Radius Max Length,Radius A-P Diam Midshaft,Radius M-L Diam Midshaft,Ulna Max Length,Ulna A-P Diam,Ulna M-L Diam,Ulna Physiological Length,Ulna Min Circumference,Sacrum Ant Length,Sacrum Ant-Sup Breadth,Sacrum Max Xverse Diam Base,Os Coxae Height,Iliac Breadth,Pubis Length,Ischium Length,Femur Max Length,Femur Bicond Length,Femur Epicond Breadth,Femur Max Diam Head,Femur A-P Subtroch Diam,Femur M-L Subtroch Diam,Femur A-P Midshaft Diam,Femur M-L Midshaft Diam,Femur Midshaft Circum,Tibia Length,Tibia Max Prox Epiphys Breadth,Tibia Max Distal Epiphys Breadth,Tibia Max Diam Nutr For,Tibia M-L Diam at Nutr For,Tibia Circum Nutr For,Fibula Max Length,Fibula Max Diam Midshaft,Calcaneus Max Length,Calcaneus Middle Breadth,Notes on Adult Measurements,Mastoid Length - R sided meas,Min Ramus Breadth - R,Max Ramus Breadth - R,Clavicle - R measurements,Scapula - R measurements,Humerus - R measurements,Humerus - Max Length Reconstructed,Radius - R measurements,Radius Max Length - Reconstruction,Ulna - R meausrements,Ulna Max Length - Reconstruction,Iliac Breadth - R,Ischium Length - R,Pubis Length - R,Femur - R measurements,Femur - Max Length Reconstructed,Tibia - R measurements,Tibia - Max Length Reconstructed,Fibula - R measurements,Fibula - Max Length Reconstructed,Calcaneus - R measurements
"ET24B",,,,,,,,,,,,,,,,,,,,,,,,,,,,,35.48,,0.00,0.00,0.00,,,,,,,63.07,,26.38,23.58,232.00,12.20,18.51,251.00,17.67,14.09,,41.00,,,,,,,,412.00,407.00,81.04,48.92,28.14,36.81,30.29,28.77,92.00,356.00,75.08,47.59,37.01,24.78,95.00,,16.97,80.66,44.81,,0,0,0,0,0,0,0,1,1,0,1,0,0,0,1,1,0,0,0,0,0
"ET25",,,,,,,,,,,,,,,,,,,,,,,,,,,,,,,0.00,0.00,0.00,,,,,,,,,,,,,,,,,,,,,,,,,,,,,42.75,27.25,36.75,,,,,,,,,,,,,,,0,0,0,0,0,0,0,0,0,0,0,0,0,0,1,0,0,0,0,0,0
"ET27",190.00,138.00,122.00,136.00,102.00,97.00,52.91,126.37,63.88,98.96,101.75,49.90,24.28,40.38,33.84,96.94,18.59,114.84,118.42,100.22,38.29,32.68,32.94,32.40,24.69,12.86,104.83,121.62,29.83,42.49,0.00,0.00,0.00,114.13,12.18,8.80,145.56,107.94,301.00,67.24,47.09,21.10,17.08,235.00,11.60,13.00,249.00,12.67,15.06,,38.00,,,,201.00,147.50,70.82,77.94,439.00,438.00,87.43,48.37,25.62,34.44,26.35,29.35,86.00,369.00,77.24,48.44,32.77,22.09,87.00,351.00,15.34,,,"Calcaneus not measured because it is pathological.  Bones measured with epiphyses: radius, femur, tibia, fibula.",0,0,0,0,0,1,0,0,0,1,0,0,0,0,0,0,0,0,1,1,0
"ET32",,,,,,,,,,,,,,,,,,,,,,,,,,,,,,,0.00,0.00,0.00,136.96,10.45,9.51,,,279.00,56.18,38.32,19.60,15.21,208.00,10.44,14.40,,10.62,12.45,224.00,28.00,102.98,111.04,121.23,,152.00,92.37,82.55,389.00,383.00,74.42,40.64,23.12,33.11,24.32,25.01,75.00,329.00,67.72,44.28,32.18,21.74,83.00,317.00,15.93,76.77,38.77,,0,0,0,0,0,0,1,0,0,0,1,0,0,0,0,1,0,0,1,0,0
"ET33",,181.00,,123.00,,,,124.85,,,,,,,,,,,113.25,99.59,33.89,28.45,30.95,33.08,27.96,15.46,92.78,,30.92,42.68,0.00,0.00,0.00,139.56,14.46,10.48,,,319.00,55.69,45.82,22.02,18.15,223.00,10.97,14.61,241.00,12.54,14.87,237.00,34.00,,104.99,111.56,209.00,163.00,76.52,78.18,425.00,418.00,74.22,43.27,26.43,33.84,26.11,25.23,81.00,333.00,69.85,44.94,36.13,21.72,93.00,,14.02,72.04,37.45,,0,1,1,1,0,1,1,0,0,1,0,0,0,0,1,0,1,0,0,0,1
"ET33B",,,,,,,,,,,,,,,,,,,,,,,,,,,,,,,0.00,0.00,0.00,,,,,,,,,,,,,,,,,,,,,,,,,,,,86.21,48.37,29.62,38.90,28.78,31.44,95.00,,,50.48,,,,,,,,,0,0,0,0,0,0,0,0,0,0,0,0,0,0,0,0,0,0,0,0,0
"ET36",,,,,,,,,,,,,,,,,,,,,,,24.04,25.15,24.48,15.19,,,30.73,36.76,0.00,0.00,0.00,105.94,9.71,6.98,,,203.00,37.87,,19.31,15.32,146.30,8.38,11.22,,12.51,10.01,,,,,,,,,64.86,314.00,,60.28,32.97,21.05,22.08,21.90,17.79,64.00,,52.33,,,,,,10.64,,,"Femur max length measured with both epiphyses.",1,1,1,0,0,1,0,0,0,0,0,0,1,0,0,1,0,0,0,0,0
"ET37",,,,,,,,,,,,,,,,,,,,,,,,21.99,19.52,14.70,,,,,0.00,0.00,0.00,,6.99,4.86,,,,,,13.24,11.43,,6.75,9.25,,7.60,7.86,,,,,,,,,,,,,23.52,16.96,18.76,,,,,,,,,,,,,,,0,0,0,1,0,1,0,1,0,1,0,0,0,0,0,0,0,0,0,0,0
"ET38",181.00,140.00,,131.00,95.00,85.00,47.87,,68.25,,,47.73,20.68,33.16,33.79,,,111.12,112.97,96.42,40.89,30.70,35.67,31.08,27.55,12.93,,,32.81,,0.00,0.00,0.00,145.38,13.12,9.39,162.00,112.29,316.00,63.14,44.25,23.99,19.54,249.00,12.02,15.39,269.00,13.56,14.49,,39.00,104.49,112.28,127.39,212.00,160.00,83.56,80.72,442.00,439.00,81.48,46.97,25.81,35.50,28.94,27.85,87.00,,77.76,46.71,36.56,25.50,96.00,354.00,18.01,78.61,41.69,,0,0,0,1,1,0,0,1,0,0,1,0,0,1,0,0,1,0,0,1,0
"ET39",,,,,,,,,,,,,,,,,,,,,,,,,,,,,,,0.00,0.00,0.00,,,,,,,64.39,,25.03,18.64,263.00,13.64,15.66,283.00,13.02,14.91,280.00,38.00,,,,,167.00,,79.28,470.00,468.00,82.78,48.01,26.79,38.10,33.39,31.85,99.00,396.00,73.55,48.00,36.65,24.47,97.00,,15.42,84.63,49.70,,0,0,0,0,0,0,0,0,0,0,0,1,1,0,0,0,1,0,0,0,1
"ET40",183.00,139.00,,134.00,103.00,,51.09,121.28,,95.03,102.54,,,,,,,114.81,109.00,95.36,35.57,30.83,34.00,31.52,22.93,14.49,100.26,120.83,32.77,47.02,0.00,0.00,0.00,136.69,12.07,10.55,,,295.00,58.28,42.80,22.00,18.22,216.00,10.95,14.42,241.00,18.12,13.40,239.00,43.00,118.68,126.09,108.77,204.00,,,,,,,41.68,24.60,32.82,26.13,26.14,83.00,,,,,,,,,,,,0,0,0,1,0,0,0,0,0,0,0,0,0,0,0,0,0,0,0,0,0
"ET41",189.00,,,,,,,,,,,,,,,,,112.99,116.90,,,,30.49,31.61,27.26,14.98,,,32.84,46.88,0.00,0.00,0.00,,11.17,9.80,,,,,,22.33,17.44,225.00,11.23,15.37,,15.17,11.72,,36.00,,,,,,,,,,,,,,,,,,,,,,,,,,,,0,1,1,0,0,1,0,1,1,1,0,0,0,0,0,0,0,0,0,0,0
"ET42",,,,,,,,,,,,,,,,,,,,,,,,,,,,,35.99,49.60,0.00,0.00,0.00,153.65,16.15,12.40,,,345.00,68.31,52.73,25.41,19.55,250.00,12.77,15.11,269.00,13.24,17.60,266.00,45.00,,,,,,,,,,84.92,,,,29.93,25.87,86.00,396.00,81.53,50.92,36.36,27.07,97.00,,15.86,82.91,40.85,,0,1,1,0,0,1,0,1,0,1,0,0,0,0,0,0,0,0,0,0,1
"ET43",187.00,136.00,123.00,132.00,98.00,97.40,52.75,126.95,66.85,97.33,103.85,52.31,23.27,37.62,34.43,93.20,19.91,118.86,106.92,101.10,34.01,27.48,39.77,28.91,26.40,16.41,100.91,124.83,36.33,47.01,0.00,0.00,0.00,139.54,12.70,10.29,,,309.00,64.76,45.82,22.63,18.46,234.00,13.09,15.73,254.00,14.48,15.67,250.00,41.00,101.34,102.92,111.48,205.00,153.00,83.21,78.48,431.00,427.00,83.29,49.17,30.21,34.16,27.74,29.16,88.00,354.00,78.31,47.60,35.76,26.76,97.00,,16.85,76.14,39.69,,0,0,0,0,0,0,0,1,0,0,0,0,1,1,1,0,0,0,0,0,0
"ET44",,,,,,,,,,,,,,,,,,,,,,,31.47,27.33,24.86,13.86,,,,,0.00,0.00,0.00,143.11,11.77,12.01,,110.27,334.00,68.90,45.06,21.96,17.87,262.00,11.79,16.29,275.00,12.69,15.47,,42.00,,,,226.00,166.00,,83.46,490.00,484.00,85.40,50.42,29.96,33.54,27.10,28.06,84.00,409.00,79.36,43.69,37.82,23.20,,,17.15,78.20,46.87,"Can't do tibia circumference because of periostitis.",0,0,0,0,0,0,0,1,0,1,0,0,0,0,0,0,0,0,0,0,0
"ET45",183.00,,,129.00,104.00,,,,,,,,,,,,,117.63,111.17,91.31,35.71,34.96,33.58,33.65,28.81,14.29,,,,,0.00,0.00,0.00,155.00,11.17,11.16,,,368.00,54.86,48.24,21.48,18.64,269.00,12.32,16.33,281.00,14.30,12.90,,37.00,,,,,151.00,88.88,93.49,500.00,497.00,81.94,48.66,30.68,38.64,29.68,28.03,89.00,431.00,77.28,55.85,37.69,29.99,100.00,,17.43,81.08,45.08,,0,0,0,0,0,0,0,1,0,0,0,1,0,0,0,0,0,0,0,0,0
"ET49",,,,,,,,,,,,,,,,,,,,,,,,,,,,,,,0.00,0.00,0.00,,,,,,,,,,,,,,,,,,,,,,,,,,,,,,,,,,,,,54.30,,,,,13.47,81.25,43.88,,0,0,0,0,0,0,0,0,0,0,0,0,0,0,0,0,0,0,0,0,0
"ET51",,,,,,,54.51,,,,,,,,,,,,,,,,29.65,36.47,33.12,15.95,,,33.08,46.31,0.00,0.00,0.00,,12.46,9.87,,,298.00,58.16,47.30,20.48,16.94,211.00,10.77,14.81,229.00,13.22,13.64,225.00,41.00,,104.74,,201.00,,72.63,82.07,438.00,432.00,77.04,49.63,25.22,29.03,26.36,22.74,80.00,343.00,77.29,47.59,31.40,22.16,83.00,,12.98,78.41,,,0,0,0,1,0,0,0,0,0,0,0,0,0,0,0,0,1,0,0,0,0
"ET52",184.00,132.00,,141.00,100.00,,,123.00,,,,,,,,,,116.96,113.69,,,,33.50,31.96,24.31,13.61,,,27.65,43.30,0.00,0.00,0.00,144.81,11.34,10.88,154.00,118.54,328.00,64.43,47.68,22.02,17.12,239.00,11.17,14.90,,13.11,14.62,,35.00,,,,,,,,,,,,,,,,81.00,,,,35.70,21.98,91.00,,,,,,0,0,0,1,0,1,1,1,0,1,0,0,0,0,0,0,0,0,0,0,0
"ET53",,145.00,,,,,,,,,,,,,,,,108.08,106.91,,,,27.62,,,,,,,,0.00,0.00,0.00,,,,,,,67.15,,26.27,20.47,252.00,13.39,17.85,276.00,17.11,16.91,271.00,41.00,,,,224.00,,,84.29,,,,,,,,,,,,,,,,,,,,"Glenoid fossa R: 42.03 (= male).",0,0,0,0,0,1,0,1,0,1,0,0,1,0,0,0,0,0,0,0,0
"ET57",0.00,0.00,,0.00,107.23,,,127.64,,104.14,105.69,,,,,,,,,,,33.50,35.02,36.45,28.68,13.72,,,30.33,40.28,0.00,0.00,0.00,150.80,11.61,12.50,,,,62.33,,23.13,22.29,,,,,,,,,,,,,,,,,,,47.78,,,,26.85,,,81.59,47.28,,,,,17.90,80.76,55.67,,0,0,0,0,0,0,0,0,0,0,0,0,0,0,0,0,0,0,0,0,0
"ET58",,,,,,,50.12,,,,,,,,,,,,,,,,32.02,25.15,19.13,15.54,,,31.56,44.38,0.00,0.00,0.00,126.81,9.85,8.36,,,285.00,55.26,39.80,20.92,16.16,204.00,10.16,15.04,,13.73,14.00,,,,,,,161.00,,,422.00,,72.58,43.39,24.82,31.43,25.72,27.75,83.00,,,,,,,,,,,,0,0,0,0,0,0,0,0,0,0,0,0,0,0,0,1,0,0,0,0,0
"ET62",184.00,133.00,126.00,,,,52.08,117.21,65.69,,102.61,47.16,22.41,35.24,30.94,96.39,21.51,116.75,,,,,39.25,,,,96.35,,30.28,43.57,0.00,0.00,0.00,,,,,,319.00,65.21,42.64,20.37,16.99,,,,,,,,,,,,,168.00,81.89,75.61,404.00,,83.03,48.38,26.68,32.96,28.78,28.40,94.00,335.00,79.73,49.56,32.57,23.70,91.00,,,,,,1,1,1,0,0,0,1,0,0,0,0,0,0,0,0,0,1,0,0,0,0
"ET63",,,,,,,,,,,,,,,,,,,,,,,18.65,26.97,21.73,13.75,,,29.76,39.80,0.00,0.00,0.00,,7.23,5.03,,,163.00,32.89,,14.18,12.55,,6.65,9.48,,9.19,7.73,,,,,,,86.05,47.91,52.73,223.00,,48.16,24.86,17.64,20.18,15.60,14.50,48.00,166.00,36.64,27.10,20.62,18.67,61.00,,,44.54,25.04,"Long bone lengths indicate an age of around 6-7 years old.",0,0,0,0,0,0,0,0,0,0,0,0,0,0,0,0,1,0,0,0,0
"ET67",,132.00,,,,,47.36,111.60,,,,,,,,,,,,104.33,,,,27.93,23.32,15.37,,,34.79,45.69,0.00,0.00,0.00,107.28,9.33,7.89,,,209.00,43.29,29.86,18.11,13.81,171.00,9.54,10.62,,11.25,10.11,,,,,,,107.76,,,342.00,,,36.34,20.20,23.54,19.12,18.16,59.00,,,,,,,,,,,"RADXL and FEMXL include epiphyses.  FEMXL puts this individual around 9, but dental eruption is older.",0,0,0,1,0,1,0,0,0,0,0,1,0,0,0,0,0,0,0,0,0
"ET68",176.00,136.00,,120.00,91.47,,,116.81,,92.41,100.03,,,,,,,105.15,108.00,96.53,34.95,30.74,31.65,22.58,23.81,16.67,94.35,112.76,30.52,41.42,0.00,0.00,0.00,132.75,9.68,9.82,125.34,98.14,277.00,49.75,39.55,18.33,15.03,,9.46,14.36,215.00,10.24,13.24,213.00,34.00,,89.54,113.10,192.00,145.00,81.07,75.74,392.00,,67.48,39.43,26.61,29.10,25.25,25.34,78.00,319.00,64.20,39.66,31.92,21.37,80.00,,11.87,72.12,38.15,,1,0,0,0,0,0,0,0,0,1,0,0,0,0,0,1,0,0,0,0,0
"ET69",179.00,137.00,128.00,130.00,106.00,98.00,51.20,125.00,70.55,98.79,105.62,52.01,23.16,41.04,36.63,98.82,21.97,105.24,112.03,94.72,32.47,29.42,28.18,31.33,27.59,17.45,100.91,128.74,34.65,45.00,0.00,0.00,0.00,163.00,14.81,14.04,,117.53,340.00,67.55,49.12,23.40,19.41,249.00,12.17,15.35,273.00,15.79,12.81,267.00,43.00,122.18,106.13,,232.00,167.00,82.65,89.34,460.00,458.00,79.07,48.84,31.44,37.55,34.23,28.47,94.00,391.00,73.68,49.24,39.25,27.49,101.00,382.00,20.38,85.60,46.97,,0,0,0,0,0,0,0,0,0,0,0,1,1,1,0,0,0,0,0,0,0
"ET70",177.00,131.00,111.00,127.00,99.00,97.00,50.61,116.00,63.40,94.87,104.57,46.40,24.87,39.22,32.11,98.19,20.96,105.63,110.40,94.25,33.82,27.81,30.36,27.59,,12.76,,,27.93,42.56,0.00,0.00,0.00,129.15,9.55,8.68,,,,52.44,37.23,21.89,15.28,207.00,10.08,13.66,230.00,14.98,11.33,224.00,33.00,,,,199.00,148.00,,70.75,395.00,,69.26,40.32,21.52,30.72,24.45,24.23,72.00,317.00,64.54,,31.54,22.61,85.00,,15.09,,,,0,0,0,0,0,0,0,0,0,0,0,1,1,0,0,1,0,1,1,0,0
"ET72",175.00,156.00,,,,,,,,101.70,108.42,,,,,,,114.24,107.90,99.61,,,37.22,,23.06,16.98,114.39,131.01,35.44,43.60,0.00,0.00,0.00,152.00,11.74,12.37,,,321.00,62.90,42.81,22.09,18.06,247.00,11.04,15.54,275.00,15.90,14.38,269.00,44.00,113.64,100.58,115.24,,154.00,,,453.00,,,45.71,25.17,36.02,24.14,25.11,82.00,,67.10,,39.32,27.12,103.00,,16.57,78.62,45.92,,0,0,0,0,0,0,0,1,0,0,0,0,0,0,1,0,1,0,1,0,1
"ET73",,,,,,,,,,,,,,,,,,,,,,,15.10,,23.70,13.85,,,,,0.00,0.00,0.00,,,,,,,,,,,,,,,,,,,,,,,,,,,,,,,,,,,,64.15,41.35,,,,,,68.66,40.72,"Calcaneus measured without the epiphysis.",1,0,0,0,0,0,0,0,0,0,0,0,0,0,0,0,0,0,0,0,0
"ET76",,,,,,,,,,,,,,,,,,,,103.04,37.82,33.25,35.96,34.08,28.59,16.78,,,36.93,,0.00,0.00,0.00,129.65,11.71,9.72,139.01,98.57,,62.97,43.77,20.87,17.96,230.00,10.82,15.83,,13.57,14.28,,37.00,113.73,,,,147.00,,,432.00,,84.97,48.37,22.03,32.46,23.54,25.19,76.00,334.00,72.88,53.85,34.60,27.00,94.00,,15.52,82.76,38.46,"All long bones measured without epiphyses except femur, which was measured with both.",0,0,0,1,0,0,0,0,0,0,0,0,0,0,0,0,0,0,0,0,0
"ET77",,,,,,,,,,,,,,,,,,,,106.98,,,30.60,32.51,22.74,17.58,,,31.23,45.12,0.00,0.00,0.00,,13.13,12.15,,,292.00,66.14,43.69,23.93,19.95,222.00,12.02,16.13,239.00,15.42,16.94,235.00,46.00,131.50,107.28,,214.00,,,,411.00,408.00,81.69,50.31,24.46,30.46,28.46,26.97,86.00,342.00,72.86,48.57,34.87,25.72,95.00,324.00,15.02,78.00,46.00,,1,1,1,0,0,0,0,0,0,0,0,0,0,0,0,1,0,0,0,0,0
"ET79",0.00,0.00,131.31,0.00,0.00,94.12,46.34,124.95,64.93,98.34,105.16,52.23,26.02,37.43,31.75,99.69,22.14,117.17,105.30,96.13,37.94,32.42,34.01,29.29,30.84,11.78,96.29,122.97,34.71,44.18,0.00,0.00,0.00,153.00,15.68,12.52,,111.41,305.00,60.59,47.87,22.09,19.58,233.00,12.72,16.07,252.00,16.08,17.77,248.00,39.00,109.26,115.45,124.25,213.00,,78.23,79.81,440.00,437.00,79.61,50.13,27.81,33.62,32.33,26.45,93.00,347.00,74.97,48.93,36.88,24.41,93.00,339.00,14.75,80.12,45.83,,0,0,0,0,0,0,0,0,0,0,0,0,0,0,0,0,0,0,0,0,1
"ET79B",,,,,,,,,,,,,,,,,,,,,,,,,,,,,,,0.00,0.00,0.00,,,,,,,,,,,247.00,11.84,16.84,,,,,,,,,,,,,,,,,,,,,,,,,,,,,,,,,0,0,0,0,0,0,0,0,0,0,0,0,0,0,0,0,0,0,0,0,0
"ET80",,,,,,,,,,,,,,,,,,,,,,,,,,,,,33.94,,0.00,0.00,0.00,147.99,13.71,10.10,,,,,,,,,,,,,,,,,,,,,,,444.00,,,48.82,27.17,34.87,24.17,28.66,83.00,,71.10,,33.45,22.36,87.00,,,,,,0,0,0,0,0,0,0,0,0,0,0,0,0,0,1,1,0,0,0,0,0
"ET82",0.00,0.00,127.69,0.00,0.00,89.88,50.49,127.88,68.76,103.00,109.24,48.32,25.17,37.18,34.54,100.92,24.91,116.96,112.11,91.24,40.69,29.38,36.64,35.50,30.20,16.95,111.95,,32.66,43.70,0.00,0.00,0.00,160.00,15.99,10.57,,116.37,342.00,63.04,44.30,22.49,18.24,257.00,13.24,15.64,278.00,14.87,16.69,273.00,45.00,110.49,102.33,121.63,,166.00,,,467.00,461.00,82.83,46.25,29.15,35.98,29.25,27.70,88.00,,77.08,,43.82,27.89,105.00,365.00,20.96,,,,0,0,0,1,0,0,0,0,0,0,0,1,0,0,0,0,1,0,0,0,0
"ET85",170.00,134.00,,,,,45.22,112.99,,94.45,95.59,,,,,,,110.58,113.75,90.01,,,29.20,32.03,26.19,15.43,,,27.25,40.60,0.00,0.00,0.00,135.88,9.76,8.19,143.58,,263.00,57.41,39.63,20.07,17.16,199.00,9.84,16.38,216.00,11.88,13.34,210.00,38.00,91.19,107.49,113.69,183.00,136.79,,66.47,372.00,363.00,74.82,41.62,24.94,29.47,23.86,24.18,74.00,,,45.84,28.63,21.79,79.00,,14.00,72.16,38.88,,0,0,0,0,0,0,0,1,0,0,0,0,0,0,0,0,0,0,0,0,0
"ET86",,,,,,,,,,,,,,,,,,,,,,,,,,,,,,,0.00,0.00,0.00,,,,,,308.00,55.40,41.89,21.39,13.93,,,,,,,,,,,,,,,,,,,,,,,,,,,,,,,,,,,,0,0,0,0,0,1,1,0,0,0,0,0,0,0,0,0,0,0,0,0,0
"ET87",,,,,,,,,,,,,,,,,,,,,,,32.11,,,,,,,,0.00,0.00,0.00,153.00,10.74,12.70,,,,,,,,,,,,,,,,,104.75,115.17,215.00,,,,426.00,423.00,80.60,48.65,26.51,35.14,31.80,27.15,92.00,346.00,76.63,51.56,34.21,25.40,91.00,330.00,16.84,75.58,46.61,,0,0,0,0,0,0,0,0,0,0,0,0,0,0,0,0,0,0,0,0,0
"ET87B",,,,,,,,,,,,,,,,,,,,,,,,19.13,13.05,13.50,,,24.69,35.60,0.00,0.00,0.00,126.64,9.48,9.30,,,,,,,,212.00,10.31,15.84,,10.41,13.89,228.00,37.00,,,,,142.00,,,397.00,394.00,64.30,43.22,26.02,31.25,28.05,26.32,82.00,,,,,,,,13.89,,,,0,1,1,0,0,0,0,1,0,1,0,1,0,0,1,0,0,0,0,0,0
"ET9",,,,,,,,,,,,,,,,,,,108.90,94.48,,,25.61,,,,,,,,0.00,0.00,0.00,,,,,,,,,,,,,,,,,,,,,,,,,67.35,,,,,,,,,,,,,,,,,,,,,0,0,0,0,0,0,0,0,0,0,0,0,1,0,0,0,0,0,0,0,0
"ET90",,,,,,,,,,,,,,,,,,,,,,,,,,,,,,,0.00,0.00,0.00,119.41,13.29,7.25,,84.80,264.00,52.13,,19.01,16.05,,10.38,14.52,215.00,12.77,11.41,,39.00,,,,,131.70,65.34,80.71,416.00,,77.91,44.33,24.66,29.68,23.60,23.10,74.00,336.00,,38.49,31.66,23.76,86.00,297.00,12.33,71.32,39.76,"Max lengths with epiphyses: femur, tibia.  Without: fibula, humerus, ulna.  Lengths give age of 12-13 years old.",0,0,0,1,1,1,1,1,0,1,1,0,0,1,0,0,0,0,0,0,1
"ET92",,,,,,,,,,,,,,,,,,,,,,,,,,,,,,,0.00,0.00,0.00,,,,,,,61.13,,24.30,21.71,,13.02,17.01,,14.51,15.77,,36.00,,,,,,,,426.00,424.00,76.43,47.06,26.51,37.17,26.66,31.52,91.00,345.00,76.04,45.45,34.48,22.36,89.00,,17.46,78.54,38.77,,0,0,0,0,0,1,0,1,0,1,0,0,0,0,0,0,0,0,0,0,0
"ET93",157.00,135.00,118.86,124.00,88.00,85.36,42.89,112.92,63.36,94.34,96.60,47.27,20.26,35.00,30.61,91.05,23.07,102.76,99.83,87.09,35.90,27.63,27.66,27.23,21.16,15.58,80.22,100.96,29.94,37.47,0.00,0.00,0.00,104.07,8.43,5.05,97.11,78.42,227.00,40.48,30.66,14.28,11.79,153.00,7.48,9.24,170.00,11.49,7.91,,27.00,,,,,107.74,58.26,63.56,327.00,,56.66,30.59,17.88,20.42,17.82,16.83,55.00,261.00,52.73,39.33,21.70,17.96,60.00,221.00,12.16,,,"Max lengths with epiphyses: humerus, femur, tibia.",0,0,0,0,0,1,0,1,0,1,0,1,0,0,0,0,0,0,1,0,0
"ET10",,,,,,,,,,,,,,,,,,,,,,,,,,,,,,,0.00,0.00,0.00,135.92,15.01,9.47,,,316.00,,43.62,22.37,19.98,242.00,12.03,16.69,,17.05,16.00,,37.00,,102.50,112.49,,149.00,,,,,80.30,43.28,26.89,32.50,28.67,26.00,86.00,347.00,73.41,44.09,33.33,25.87,93.00,337.00,14.78,,,,0,0,0,1,0,1,0,1,0,0,0,1,0,0,0,0,0,0,1,1,0
"ET102",196.00,,,,,,51.67,,,,,,,35.16,33.82,,,112.80,118.62,97.91,,,42.69,25.78,21.76,16.91,104.83,,36.91,52.70,0.00,0.00,0.00,140.52,11.99,10.93,,,291.00,65.55,44.61,22.03,17.76,224.00,11.41,15.39,243.00,16.61,15.23,240.00,40.00,105.41,96.63,110.41,212.00,156.00,75.37,79.96,,,,46.42,26.39,34.02,25.60,29.69,87.00,,,,34.48,21.68,87.00,,14.50,,,,1,0,0,0,0,0,0,1,0,1,0,0,0,0,0,0,1,0,1,0,0
"ET103",171.00,131.00,123.31,131.00,94.00,88.67,50.50,116.27,68.28,92.29,99.26,49.66,25.19,36.95,33.29,95.03,22.71,104.03,109.35,94.44,35.38,29.14,34.16,28.01,27.04,14.02,99.06,114.23,31.79,43.05,0.00,0.00,0.00,147.03,11.72,10.72,,100.66,304.00,57.18,42.90,21.56,17.73,223.00,11.18,14.57,240.00,12.22,14.67,235.00,36.00,,,,207.00,150.00,81.91,78.66,440.00,436.00,74.29,45.12,26.04,32.86,27.10,25.81,83.00,364.00,69.07,45.14,32.14,22.60,86.00,338.00,12.32,75.61,37.55,"Glenoid fossa L - 32.3 = F.",0,0,0,0,1,0,0,0,0,0,0,1,0,0,0,0,0,0,1,0,0
"ET11",178.00,136.00,,129.00,,,,114.95,,96.72,109.48,,,,,,,,113.92,94.23,33.89,,,,,,,,,,0.00,0.00,0.00,,10.17,13.38,,,293.00,64.10,39.51,24.20,18.09,213.00,10.79,15.54,,13.83,14.64,,,,,,,,,,408.00,,77.79,44.59,25.35,37.12,29.23,28.12,87.00,,71.18,,31.89,22.97,86.00,,15.85,,,,0,0,0,0,0,1,1,0,0,0,0,0,0,0,1,1,0,0,0,0,0
"ET15A",,,,,,,,,,,,,,,,,,,,91.43,,,,,,,,,,,0.00,0.00,0.00,124.57,11.00,8.46,,,260.00,55.12,35.14,18.56,16.99,,9.55,12.98,,11.48,13.59,,,,,,188.00,134.00,,62.86,349.00,345.00,67.81,34.43,24.15,31.12,24.06,23.20,73.00,,,39.30,28.57,21.33,77.00,,13.36,70.22,34.55,,0,0,0,0,0,0,0,0,0,0,0,1,1,0,1,1,1,0,1,0,1
"ET15B",,,,,,,,,,,,,,,,,,,,,,,,,,,,,,,0.00,0.00,0.00,,11.54,13.65,,,,58.34,,20.23,17.67,,11.23,15.93,,15.62,15.28,,40.00,,,,,,,,438.00,,82.58,47.29,27.73,34.24,34.04,29.34,98.00,351.00,,,36.13,26.19,99.00,,15.85,75.26,44.66,,0,0,0,0,0,0,0,0,0,0,0,0,0,0,0,1,1,0,0,0,0
"ET17",,,,,,,,,,,,,,,,,,,,86.70,29.14,22.89,22.59,,19.09,13.17,,,30.05,36.87,0.00,0.00,0.00,87.24,7.76,5.40,,,162.00,36.21,23.96,13.27,11.97,122.62,6.85,9.26,136.33,7.58,8.72,,25.00,,,,,91.11,,,239.00,,43.54,26.29,15.11,21.42,15.18,15.44,50.00,,,,22.30,18.06,60.00,,8.89,,,"R femur is 262mm long with both epiphyses included.",0,0,0,0,0,0,0,0,0,0,1,0,0,0,1,0,0,0,0,0,0
"ET18",164.00,,,118.00,89.00,84.00,44.08,114.83,56.64,93.40,98.89,43.12,20.52,33.66,30.98,91.92,20.60,102.65,100.50,90.91,30.96,28.58,27.83,24.18,24.49,15.73,,,31.03,40.89,0.00,0.00,0.00,116.57,11.12,8.10,,,249.00,48.90,36.48,19.35,15.96,172.00,10.85,13.41,195.00,10.35,12.78,191.00,34.00,,91.22,107.36,,128.36,68.62,68.66,343.00,341.00,66.23,38.58,22.19,26.97,27.82,24.01,83.00,283.00,60.40,39.13,26.87,21.33,75.00,,13.57,61.97,31.29,,1,0,0,1,0,1,0,0,0,0,0,0,0,0,1,0,1,0,0,0,0
"ET95",,,,,,,,132.40,,,,,,,,,,,,,37.81,32.07,33.21,31.45,27.00,17.92,,,34.93,,0.00,0.00,0.00,,15.11,12.42,,,327.00,67.85,45.78,26.48,20.74,,15.12,20.44,269.00,17.34,16.07,264.00,42.00,,,,,177.00,,87.73,443.00,442.00,83.71,49.49,31.25,40.02,32.57,28.96,102.00,397.00,80.76,50.98,40.03,27.78,105.00,359.00,20.72,90.90,43.64,,0,1,0,0,0,0,0,0,0,0,0,0,1,0,1,0,0,0,1,0,0
"ET96",,,,,,,,,,,,,,,,,,,,,,,,,,,,,,,0.00,0.00,0.00,,,,,,,62.92,,22.74,20.16,251.00,12.85,16.00,273.00,14.52,15.13,267.00,46.00,120.96,115.21,125.84,219.00,162.00,82.58,76.34,455.00,449.00,82.56,48.98,28.83,35.80,29.37,30.00,92.00,391.00,78.95,50.85,39.43,29.65,108.00,364.00,17.12,,,,0,0,0,0,0,0,0,0,0,0,0,0,1,1,0,0,1,0,1,0,0
"ET98",,,,,,,51.81,,,,,,,,,,,,,,36.82,30.92,28.16,29.80,22.73,15.44,,,28.98,37.72,0.00,0.00,0.00,134.86,10.34,13.04,,,280.00,64.98,45.97,23.93,18.04,227.00,12.08,15.73,247.00,12.35,15.04,241.00,41.00,109.57,105.44,119.52,208.00,153.00,,74.80,423.00,421.00,85.65,47.79,26.66,34.06,28.67,22.63,79.00,347.00,76.75,50.88,30.97,23.08,84.00,332.00,16.00,79.39,53.58,"Cranium is crushed, making measurements nearly impossible.",0,0,0,0,0,0,0,0,0,0,0,0,1,0,1,0,0,0,0,0,0
"F10A",,,,,,,48.19,,63.00,100.68,,49.98,29.07,34.95,35.11,,,112.97,119.63,,,,36.46,,26.04,14.00,,,,,0.00,0.00,0.00,147.70,14.05,10.21,,108.64,302.00,61.01,44.14,24.15,20.80,236.00,12.28,16.69,,15.91,16.84,250.00,38.00,124.31,103.39,112.93,,,93.57,88.16,434.00,432.00,79.73,45.03,31.12,30.28,32.42,24.86,91.00,367.00,75.26,48.70,36.99,25.00,97.00,347.00,16.99,82.57,48.53,,0,0,0,0,0,1,0,1,0,1,0,0,1,0,1,0,1,0,0,0,0
"ET20",,147.00,,,,,,127.10,,,,,,,,,,,,106.39,36.30,,38.17,36.87,28.75,16.95,,,36.45,54.04,0.00,0.00,0.00,151.05,12.46,17.02,,,323.00,62.78,45.49,27.11,19.81,237.00,12.62,21.21,,23.33,19.50,,,,,,,,,,427.00,423.00,77.71,50.35,30.16,40.68,33.78,29.46,99.00,,71.17,,39.82,26.56,103.00,,15.17,,,,0,0,0,0,0,1,0,1,1,0,0,0,0,0,1,1,1,0,0,0,0
"ET22A",,,,,,,,,,,,,,,,,,,,,,,,,,,,,,,0.00,0.00,0.00,,,,,,,,,,,,9.56,13.62,,10.22,13.42,,35.00,116.45,,,202.00,158.00,90.29,75.76,405.00,401.00,71.76,44.92,25.28,26.35,28.42,22.01,80.00,323.00,66.52,45.56,31.24,23.91,85.00,307.00,13.14,78.39,43.84,,0,0,0,0,0,0,0,0,0,0,0,1,0,0,1,1,1,0,1,0,0
"ET22B",,,,,,,,,,,,,,,,,,,,,,,37.93,30.60,19.76,13.44,,,28.64,41.96,0.00,0.00,0.00,146.76,12.61,10.26,,,296.00,57.81,45.18,21.19,16.85,221.00,11.42,14.93,233.00,12.91,15.29,230.00,38.00,113.66,101.96,110.77,,158.00,,,409.00,404.00,76.71,44.01,25.89,29.53,25.25,23.94,80.00,337.00,70.99,50.66,33.65,22.58,89.00,322.00,16.19,73.58,37.09,,0,0,0,0,0,1,0,1,1,0,0,0,0,0,1,1,0,1,1,0,0
"ET23",,,,,,,,,,,,,,,,,,,,,,,,,28.21,14.57,,,30.83,44.59,0.00,0.00,0.00,135.37,9.97,8.92,,,287.00,51.36,38.24,19.63,14.81,214.00,9.88,13.52,236.00,12.64,11.45,,34.00,107.81,105.50,116.46,190.00,,,,,,68.23,38.80,22.99,25.25,25.24,22.09,75.00,327.00,62.87,40.89,28.44,20.60,73.00,,13.13,68.64,34.38,,0,1,1,0,0,1,0,1,0,1,1,0,0,0,0,0,0,0,0,0,1
"ET24A",,,,,,,,,,,,,,,,,,,,,,,,,,,,,,,0.00,0.00,0.00,,,,,,,57.85,,23.34,19.97,,,,,16.65,15.49,,,,,,,,,,,,,43.87,28.18,32.83,26.54,26.32,83.00,,,44.52,,,,,,71.47,44.87,,0,0,0,0,0,0,0,0,0,0,0,0,0,0,0,0,0,0,0,0,0
"F10B",,,,,,,,,,87.87,88.46,,,,,,,97.88,92.82,93.12,,,24.85,21.81,21.91,13.21,,,,,0.00,0.00,0.00,80.83,6.12,4.76,70.87,,156.00,30.16,,12.04,9.08,123.24,7.07,8.46,132.16,6.79,8.29,,21.00,,,,,89.29,40.02,48.88,219.00,,45.92,,14.69,17.29,13.50,13.83,43.00,177.00,38.48,24.96,16.80,14.82,50.00,,7.47,,,,0,0,0,0,0,1,0,1,0,0,0,0,0,0,1,0,0,0,0,0,0
"F10C",,,,,,,,,,,,,,,,,,,,,,,,22.51,21.94,13.65,,,28.08,34.38,0.00,0.00,0.00,,,,,,,,,12.89,11.74,138.38,7.15,8.53,148.02,7.83,8.36,,24.00,,,,,,43.05,47.02,,,48.92,,19.07,17.62,17.01,15.17,51.00,,41.32,,21.73,17.41,60.00,,9.28,,,,0,0,0,0,0,0,0,0,0,0,0,0,0,1,0,0,0,0,0,0,0
"F10D",,,,,,,,,,,,,,,,,,,,,,,,27.66,28.56,15.32,,,,,0.00,0.00,0.00,,11.09,6.91,,,260.00,,,16.95,14.07,,,,,,,,,,,,,,,,,,65.08,41.28,,,23.11,19.31,68.00,,,43.71,27.03,23.76,78.00,,,,,"Humerus max length includes distal epiphysis (fused) but not proximal (unfused).",0,0,0,0,0,0,0,0,0,0,0,0,0,0,0,0,0,0,0,0,0
"F10E",,,,,,,,,,,,,,,,,,,,,,,,,,,,,,,0.00,0.00,0.00,,,,,,,,,,,,,,,,,,,,,,,,,,,,,,,,,,,,,,37.44,27.67,99.00,,,,,,0,0,0,0,0,0,0,0,0,0,0,0,0,0,0,0,0,0,0,0,0
"F11A",,,121.77,,,97.63,54.32,123.03,71.90,97.89,102.15,50.06,25.80,33.32,36.17,96.40,21.21,111.41,114.84,95.12,32.84,30.11,33.14,33.26,28.29,15.76,94.70,125.60,34.86,45.88,0.00,0.00,0.00,140.81,10.73,13.23,149.55,101.78,315.00,55.27,40.97,22.85,17.73,236.00,12.67,16.01,255.00,12.93,13.89,252.00,40.00,,,,220.00,160.00,92.27,79.59,446.00,442.00,74.29,42.37,26.13,33.33,27.95,28.34,87.00,363.00,71.78,47.59,35.70,24.64,93.00,345.00,16.47,75.60,36.46,,0,0,0,0,0,0,0,0,0,0,0,1,1,1,0,0,1,0,1,0,0
"F11B",,,126.55,,,102.12,55.99,132.00,71.21,100.59,106.65,51.86,22.34,34.91,28.81,99.48,25.56,106.72,108.15,101.67,36.76,31.42,32.93,31.37,26.46,18.12,105.09,128.16,34.90,50.42,0.00,0.00,0.00,145.35,13.77,10.19,166.00,114.02,306.00,65.72,45.62,24.60,21.48,241.00,12.98,16.62,249.00,17.38,14.00,244.00,39.00,113.28,114.98,121.62,220.00,166.00,78.01,80.79,443.00,441.00,80.47,48.53,30.47,32.08,31.20,27.15,92.00,362.00,75.53,52.02,38.26,23.67,92.00,350.00,16.03,79.21,41.04,,0,0,0,0,0,0,0,1,0,0,0,0,0,0,0,0,0,0,1,0,0
"F11C",,,108.08,,,83.92,46.84,116.88,57.43,99.29,100.20,44.36,21.26,34.41,33.99,91.27,24.17,105.71,112.98,93.67,33.89,25.70,30.40,25.23,20.21,16.86,96.82,116.73,30.06,37.18,0.00,0.00,0.00,110.67,9.98,8.30,107.96,77.37,210.00,42.87,32.45,15.79,14.55,166.00,9.87,12.74,180.00,10.35,12.91,,33.00,,80.02,88.10,,111.41,48.89,65.96,313.00,,,33.37,19.73,24.70,19.17,20.50,63.00,258.00,57.16,46.38,27.39,19.86,74.00,249.00,11.01,61.68,39.44,"All long bone lengths (including calcaneus) are made without epiphyses.",0,0,0,0,0,0,0,1,0,0,0,0,0,0,1,0,0,0,0,0,0
"F12A",,,129.81,,,90.39,54.37,124.80,69.85,96.66,102.70,49.91,21.53,35.61,34.29,97.00,22.96,116.68,121.21,99.85,34.93,30.27,40.65,34.95,27.47,15.76,100.76,122.10,33.29,41.02,0.00,0.00,0.00,140.62,11.32,9.90,139.81,110.72,318.00,60.47,44.12,21.17,17.51,235.00,12.05,15.90,,17.35,12.98,,38.00,,,,,,88.41,75.07,441.00,,77.17,43.20,25.39,32.02,27.32,26.67,84.00,370.00,70.64,44.60,35.73,23.92,91.00,352.00,13.47,81.56,38.91,"R fibula is bowed, so max length is probably a bit skewed.  See photo.",0,0,0,0,0,0,0,0,0,0,0,0,1,1,0,1,0,0,1,0,0
"F13A",,,,,,,,,,,,,,,,,,,,,,,19.15,25.24,20.44,12.69,,,27.21,37.59,0.00,0.00,0.00,92.66,6.95,6.57,86.92,66.31,182.00,34.75,23.75,13.55,11.92,130.65,7.20,9.53,143.63,8.59,9.77,,23.00,,,,,90.99,,54.00,242.00,,52.58,28.34,18.94,19.46,16.48,15.88,52.00,187.00,42.83,30.32,19.28,16.47,54.00,,8.84,,,"R ulna and radius measured because of the L forearm pathology.  Long bone lengths lack epiphyses.  Femur epicondylar breadth measured from distal epiphysis.",1,0,0,0,0,1,0,1,0,1,0,0,0,0,0,0,1,0,0,0,0
"F13B",,,,,,,,,,,,,,,,,,,,,,,,,19.23,12.02,,,24.41,30.98,0.00,0.00,0.00,70.11,7.17,4.66,,,136.85,28.57,,11.65,9.61,100.27,6.50,7.84,108.39,6.72,7.77,,21.00,,,,,72.90,36.47,38.75,184.00,,41.79,,14.48,17.86,12.38,13.46,42.00,,,,,,,,7.09,46.25,,,0,0,0,0,0,0,0,1,0,0,0,0,0,0,0,0,0,0,0,0,0
"F13C",,,,,,,,,,88.31,93.64,,,,,,,114.38,,94.98,,,26.64,,28.12,13.54,,,35.03,46.53,0.00,0.00,0.00,131.30,10.85,10.74,137.19,98.38,292.00,50.54,39.79,19.69,15.53,204.00,10.57,14.61,222.00,12.00,11.66,,33.00,111.96,104.76,115.16,,,86.33,67.32,407.00,405.00,70.90,39.31,22.04,27.06,23.59,22.77,74.00,337.00,62.60,40.87,31.32,22.53,84.00,322.00,12.95,69.73,40.72,,0,0,0,0,1,0,0,0,0,0,1,0,0,0,1,0,0,0,0,0,1
"F1A",,,113.65,,,92.58,47.03,112.51,61.68,92.99,98.41,44.21,22.93,36.99,30.13,93.89,19.58,104.22,100.78,94.52,34.30,28.73,29.51,29.69,23.40,15.67,90.48,109.66,31.84,42.58,0.00,0.00,0.00,127.24,10.55,8.58,120.41,89.99,268.00,49.26,38.42,17.97,14.33,185.00,9.85,12.09,203.00,9.24,12.78,,33.00,,86.97,95.95,177.00,130.28,80.47,61.63,387.00,384.00,69.67,36.54,21.53,27.50,22.94,22.53,72.00,322.00,63.30,47.87,29.56,20.95,76.00,279.00,12.32,71.60,37.42,"Max lengths of the tibia, femur, and humerus were measured including the epiphyses.",0,0,0,0,0,0,1,0,0,0,0,0,0,0,1,1,0,1,0,0,0
"F1B",,,131.18,,,92.60,57.00,125.89,72.01,97.31,103.63,51.68,23.73,38.92,35.20,99.66,21.51,108.52,106.88,103.85,35.16,30.15,35.47,30.92,27.96,14.78,,,32.85,47.04,0.00,0.00,0.00,148.01,13.30,12.78,165.00,109.27,314.00,62.51,45.52,24.35,19.64,233.00,12.60,15.69,250.00,17.90,16.71,245.00,44.00,106.22,101.14,113.76,219.00,156.00,82.98,87.72,429.00,426.00,78.70,47.67,28.39,33.93,30.45,27.83,93.00,357.00,73.90,50.21,37.37,28.03,98.00,339.00,14.08,82.43,39.83,"Measurements put this individual as definitely male.  The pelvis really is quite ambiguous, even the Phenice method, and the skull is surprisingly female-looking.  I will classify this individual as definitely male, as the measurements are unambiguous.",0,0,0,0,0,0,0,0,0,0,0,0,0,0,1,0,0,0,0,0,0
"F1C",,,117.10,,,89.98,47.23,116.31,58.54,94.56,98.31,45.71,24.02,32.20,30.44,92.18,26.14,109.29,94.06,86.07,33.20,,28.21,24.58,25.16,16.58,,,35.47,46.39,0.00,0.00,0.00,131.48,12.78,8.70,121.81,102.09,288.00,51.43,44.05,20.59,16.44,194.00,10.49,14.13,210.00,10.88,13.42,205.00,34.00,106.75,96.37,109.86,190.00,147.00,81.70,69.55,403.00,397.00,69.73,43.23,25.03,28.88,25.65,26.14,82.00,310.00,64.42,40.40,32.55,22.36,83.00,302.00,12.28,70.72,35.89,,0,0,0,0,0,0,0,0,0,0,0,1,1,1,0,0,0,0,0,0,0
"F1D",,,108.19,,,96.95,51.11,,65.73,90.51,95.54,48.81,23.59,32.00,29.45,90.03,21.88,112.70,,,34.60,26.59,30.89,29.52,22.68,14.78,89.37,111.04,31.87,42.15,0.00,0.00,0.00,121.39,11.72,8.30,134.45,96.39,,54.69,39.93,20.74,17.80,,10.97,14.09,,12.41,12.92,,39.00,,86.05,100.90,188.00,140.08,67.81,64.10,,,73.94,41.31,24.76,26.88,25.52,22.11,75.00,,69.07,43.74,30.64,22.31,80.00,,14.44,72.86,38.63,,0,0,0,0,0,0,0,0,0,0,0,0,0,0,0,0,0,0,0,0,0
"F2A",,,,,,,,,,,,,,,,,,,,,,,,,,,,,,,0.00,0.00,0.00,,,,,,,,,,,,,,260.00,14.25,16.33,,41.00,,,,,,,,,,80.27,45.85,28.23,32.89,30.63,27.80,90.00,382.00,76.39,50.68,39.23,29.37,105.00,370.00,17.89,80.19,45.39,,0,0,0,0,0,0,0,0,0,1,1,0,0,0,0,0,0,0,0,0,1
"F2B",,,,,,,,,,,,,,,,,,,,,,,,,,,,,,,0.00,0.00,0.00,,,,,,,,,,,234.00,12.41,16.81,252.00,13.16,15.92,247.00,42.00,,,,,,,,,,,,,,,,,369.00,76.35,53.40,36.07,26.84,96.00,351.00,14.36,,,,0,0,0,0,0,0,0,1,0,1,0,0,0,0,0,0,0,0,0,0,0
"F2C",,,,,,,,,,,,,,,,,,,,,,,,,,,,,,,0.00,0.00,0.00,96.66,,,,,,,,,,,,,,,,,,,,,,,,,,,,,,,,,,,,,,,,,,,,,0,0,0,1,0,0,0,0,0,0,0,0,0,0,0,0,0,0,0,0,0
"F3A",,,,,,,,,,,,,,,,,,112.38,114.93,,,,31.92,,,,,,,,0.00,0.00,0.00,,,,,,,,,,,,,,,,,,,,,,,,,,,,,,,,,,,,,,,,,,,,,,1,0,0,0,0,0,0,0,0,0,0,0,0,0,0,0,0,0,0,0,0
"F3B",,,,,,,,,,97.43,109.26,,,,,,,,,,,,,,,,,,,,0.00,0.00,0.00,,,,,,,,,,,,,,,,,,,,,,,,,,,,,,,,,,,,,,,,,,,,,,0,0,0,0,0,0,0,0,0,0,0,0,0,0,0,0,0,0,0,0,0
"F3C",,,123.14,,,92.55,49.05,122.26,63.59,95.36,106.08,50.14,28.03,34.98,30.18,97.75,22.70,112.06,,,34.29,25.09,36.01,31.26,26.48,15.32,101.78,125.91,33.77,49.95,0.00,0.00,0.00,150.00,13.95,12.54,169.00,115.68,323.00,65.32,46.82,25.27,22.30,248.00,13.75,17.15,269.00,16.18,17.01,264.00,43.00,113.24,105.26,115.46,221.00,167.00,,77.81,462.00,456.00,83.48,46.50,30.11,32.76,33.36,29.49,95.00,381.00,78.93,46.80,38.50,29.14,101.00,368.00,18.76,85.51,40.52,,0,0,0,0,0,0,0,0,0,0,0,0,0,0,0,0,0,0,0,1,0
"F4A",,,,,,89.08,48.47,110.44,57.48,84.83,87.75,43.43,22.90,29.31,30.42,83.55,22.64,101.80,94.33,,,,31.55,26.79,23.18,15.84,,,32.40,38.57,0.00,0.00,0.00,115.90,8.99,7.17,102.52,81.05,235.00,44.43,35.53,18.57,15.36,,,,,,,,,,76.28,83.47,,112.37,58.03,67.66,,,,35.83,25.28,30.38,20.61,24.07,71.00,294.00,64.12,47.09,29.07,22.14,78.00,,12.38,61.39,33.67,"Decided on adult measurements because of the assumed importance of this skeleton, particularly the cranium.  Long bone length measurements are *without* epiphyses.",0,0,0,0,1,0,0,0,0,0,0,0,0,0,0,0,1,0,1,0,0
"F4B",,,121.71,,,97.63,,126.03,65.75,96.66,104.40,52.72,24.19,35.15,34.18,96.84,25.99,107.75,99.45,101.62,34.84,30.60,35.77,26.54,28.11,15.78,102.93,125.14,33.10,45.68,0.00,0.00,0.00,138.44,10.29,10.88,134.12,108.58,284.00,54.74,40.18,24.95,17.75,214.00,11.76,15.35,225.00,15.47,13.94,221.00,34.00,120.23,117.77,125.15,210.00,161.00,,73.15,406.00,404.00,77.60,43.56,25.39,34.16,26.15,28.16,84.00,330.00,69.17,45.33,33.66,26.88,91.00,,15.73,80.45,40.25,,0,0,0,0,1,0,0,0,0,0,0,1,1,0,1,0,1,1,0,0,0
"F4C",,,,,,101.88,56.07,119.34,70.77,98.36,104.05,49.54,25.00,34.76,33.20,97.61,28.64,,,94.52,31.78,25.01,42.10,30.72,25.29,19.23,,,35.29,43.39,0.00,0.00,0.00,,11.20,8.71,,,310.00,58.66,41.12,21.78,16.51,232.00,10.13,13.91,,12.37,13.38,,,125.37,95.75,111.96,197.00,139.62,,,450.00,,74.25,43.07,25.32,32.01,25.64,22.92,74.00,370.00,66.36,44.82,30.36,24.39,73.00,,13.12,76.92,40.92,"Humerus, radius, femur, tibia max lengths measured *with* all epiphyses.",0,1,1,1,0,0,0,0,0,0,0,0,0,0,1,0,0,0,0,0,0
"F4D",,,,,,,,,,,,,,,,,,,,,,,,,,,,,,,0.00,0.00,0.00,,,,,,,,34.98,,,,,,,,,,,,,,,,,,,,,,,,,,,,62.73,45.44,,,,,,65.92,34.19,,0,0,0,0,0,0,0,0,0,0,0,0,0,0,0,0,0,0,0,0,0
"F5A",,,120.65,,,96.10,49.41,131.31,71.44,94.08,103.25,50.87,23.74,35.05,36.19,93.27,21.92,114.18,103.51,87.02,36.36,27.85,33.74,31.30,30.01,14.79,104.04,123.71,32.91,47.35,0.00,0.00,0.00,130.00,11.15,14.68,157.00,108.68,314.00,57.89,47.32,22.10,17.01,,13.06,15.05,260.00,16.14,16.98,254.00,39.00,106.43,106.26,109.59,221.00,161.00,71.92,77.89,434.00,430.00,80.52,47.88,26.40,35.78,26.09,27.20,83.00,350.00,75.07,48.22,34.12,21.94,89.00,336.00,15.14,74.69,41.52,"R humerus measurements - max length 322; head diam 46.52; epi breadth 56.62.",0,0,0,0,0,0,0,0,0,0,0,0,0,0,0,0,0,0,1,0,0
"F6A",,,,,,,,,,,,,,,,,,,,,,,,,,,,,,,0.00,0.00,0.00,,,,,,,,,,,,,,,,,,,,,,,,,,449.00,448.00,76.09,43.08,24.64,30.88,28.41,28.71,86.00,366.00,72.61,47.89,35.55,23.53,94.00,352.00,14.48,73.63,46.28,"Measurements indicate possibly female (Bass and Fordisc).",0,0,0,0,0,0,0,0,0,0,0,0,0,0,0,0,0,0,0,0,0
"F6D",,,,,,,,,,,,,,,,,,,,,,,,,,,,,,,0.00,0.00,0.00,,,,,,,,,,,,,,,,,,,,,,,,,,,,,,,,,,,,,,,,,,,78.53,43.28,"Only the calcaneus could be measured.  All other bones are short bones.",0,0,0,0,0,0,0,0,0,0,0,0,0,0,0,0,0,0,0,0,1
"F6E",,,,,,88.07,48.50,128.01,68.73,99.05,104.53,54.73,23.92,35.77,35.72,97.11,26.21,,,97.53,37.13,25.29,36.81,32.59,24.59,14.99,97.81,,31.36,46.94,0.00,0.00,0.00,141.38,12.48,10.39,,100.69,290.00,54.20,41.95,22.22,15.87,197.00,11.35,15.97,222.00,12.01,15.24,219.00,39.00,115.60,92.82,114.38,204.00,156.00,85.28,76.82,400.00,393.00,72.91,45.37,24.27,30.87,24.99,25.28,79.00,307.00,67.51,42.15,31.75,18.86,80.00,,14.80,68.71,34.06,,0,1,1,0,0,0,0,0,0,1,0,0,0,0,1,0,0,0,0,0,0
"F7A",,,,,,,,,,,,,,,,,,,,,,,,,,,,,,,0.00,0.00,0.00,,,,,,,,,,,,,,,,,,,,,,,,,,419.00,413.00,74.73,41.32,24.53,30.03,24.65,23.04,75.00,358.00,71.14,42.20,33.08,24.08,87.00,,13.49,80.70,35.10,"Femur measured with detachable epiphysis in place.  Tibia is fully fused, however.",0,0,0,0,0,0,0,0,0,0,0,0,0,0,0,1,0,0,0,0,0
"F7B",,,,,,96.98,50.43,,68.12,,,49.80,25.77,35.55,,,26.22,111.44,111.30,88.85,39.68,29.14,29.84,30.37,27.58,15.14,,,33.70,43.11,0.00,0.00,0.00,,11.83,8.44,,99.17,307.00,55.03,43.70,20.04,15.14,,11.67,14.50,,14.65,13.95,,37.00,,95.15,105.08,206.00,139.14,75.25,73.61,447.00,441.00,78.21,45.91,26.61,29.51,26.54,22.96,78.00,,72.15,50.68,34.91,24.51,92.00,,14.32,76.35,41.74,,0,0,0,0,0,0,1,0,0,0,0,0,0,0,0,1,0,0,0,0,0
"F9C",,,,,,,53.48,,,,,,,,34.76,,,,,,,,,35.42,26.97,17.69,94.57,121.28,32.03,39.24,0.00,0.00,0.00,137.72,10.85,8.88,,96.89,293.00,50.72,41.33,19.97,15.91,,,,229.00,14.12,13.86,228.00,40.00,,,,,,,,,,,,,,,,,335.00,68.83,41.36,33.02,22.58,84.00,,11.95,72.56,41.10,"Measurements indicate a female.",0,0,0,0,1,0,0,0,0,1,0,0,0,0,0,0,1,0,0,0,0
"F9D",,,,,,,,,,,,,,,,,,,,,,,,,,,,,,,0.00,0.00,0.00,,,,,,,,,,,,,,,,,,,,,,,,,,,,,38.19,23.16,27.25,20.22,20.19,63.00,,,,25.59,21.40,71.00,,,,,"Based on measurements, this individual is probably in the 11-15-year-old age range.",0,0,0,0,0,0,0,0,0,0,0,0,0,0,1,0,1,0,0,0,0
"T10",,,,,,,,113.55,69.45,96.24,102.37,49.59,24.02,35.26,31.54,,23.97,108.92,116.02,105.72,,,32.19,29.22,27.52,16.06,110.20,109.36,36.06,44.50,0.00,0.00,0.00,152.00,13.83,9.71,165.00,107.99,314.00,61.06,49.15,23.41,18.66,224.00,11.67,16.55,,14.82,17.14,,44.00,,,,,,,,,,81.95,46.84,30.35,32.34,,,,360.00,77.15,49.95,40.45,28.21,106.00,,17.23,77.90,43.23,,0,0,0,0,0,1,0,0,0,0,0,0,0,0,0,0,0,1,1,0,0
"T12",,,,,,,,,,,,,,,,,,,,,,,,,,,,,,,0.00,0.00,0.00,,,,,,,,,21.87,20.53,,,,,,,,,,,,,,,73.94,,,72.00,47.83,30.27,32.27,,28.33,,,71.68,50.10,,,,,16.36,,,,0,0,0,0,0,0,0,0,0,0,0,0,0,0,0,0,0,0,0,0,0
"T13",,,,,,,,,,,,,,,,,,,,,,,39.35,35.16,31.44,16.79,,,35.16,47.74,0.00,0.00,0.00,,11.87,13.38,,,,,,26.45,20.58,,14.01,18.53,,16.28,16.78,,38.00,,,,,,,,,,,46.98,,,28.97,32.32,96.00,,,,,,,,,,,"Glenoid fossa R: 39.02",1,1,1,1,0,0,0,0,0,0,0,0,0,0,0,0,0,0,0,0,0
"T14",,,,,,,,,,,,,,,,,,,99.83,100.80,35.29,28.06,36.09,29.59,30.57,17.68,107.83,,31.66,46.16,0.00,0.00,0.00,,13.44,11.38,151.83,116.42,347.00,65.99,45.36,22.52,19.08,,12.74,15.86,,13.61,16.72,,34.00,127.63,98.51,116.66,215.00,,,79.92,460.00,455.00,76.97,45.42,25.64,35.16,28.10,29.02,89.00,376.00,73.40,47.88,36.24,24.80,93.00,,18.14,86.41,41.30,"Height is 5'8"" to 5'10"" based on long bone measurements.",1,1,1,0,1,1,0,0,0,0,0,0,0,0,1,0,0,0,0,0,0
"T15",,,,,,,,,,104.15,109.81,,,39.69,39.61,,,116.52,106.57,100.24,39.73,32.11,33.79,33.78,31.40,14.29,94.16,130.75,33.74,44.58,0.00,0.00,0.00,156.00,11.22,11.34,165.00,113.39,319.00,63.48,43.03,21.04,18.71,239.00,11.45,14.39,258.00,16.95,15.70,250.00,42.00,,,,,,74.05,77.53,452.00,444.00,78.13,48.32,27.42,28.85,27.67,25.23,84.00,373.00,72.86,49.24,33.33,21.71,84.00,363.00,17.92,84.06,40.59,"Glenoid cavity = 39.07 = male.",0,0,0,0,0,0,0,0,0,0,0,0,0,0,0,0,0,0,0,0,0
"T16",,,,,,,,,,,,,,,,,,,119.78,105.75,,,34.86,,28.04,18.32,,,40.06,51.67,0.00,0.00,0.00,157.00,13.28,14.37,,,,,43.80,25.43,20.20,,12.18,16.94,,17.15,17.63,,,,,,,,,,,,,46.73,,,35.06,31.33,102.00,,,,,,,,,,,,0,0,0,0,0,0,0,0,0,0,0,0,0,0,1,0,0,0,0,0,0
"T17",,,,,,,,,,,,,,,,,,,,,,,,,,,,,,,0.00,0.00,0.00,,,,,,283.00,54.69,,21.60,16.39,,10.42,13.22,230.00,13.96,12.54,225.00,34.00,106.35,,110.53,,,,,,,72.97,,24.05,28.58,26.12,24.98,79.00,325.00,67.76,41.98,32.66,23.02,85.00,,13.97,72.36,38.94,,0,0,0,0,0,1,0,1,0,1,0,0,0,0,0,0,0,0,0,0,0
"T18",,,129.30,,,,58.33,,69.62,94.86,105.41,49.72,25.87,33.51,31.16,94.27,22.11,,,,,,29.85,36.96,28.34,15.00,,,,,0.00,0.00,0.00,,13.11,11.40,,,,59.21,,23.18,15.94,233.00,11.64,14.72,,13.20,16.62,,,,,,,142.00,,78.65,,,72.99,46.17,29.14,34.13,27.88,27.43,85.00,,71.76,44.12,33.90,21.78,92.00,,13.55,79.40,43.28,"Fordisc puts this as a probable male who stood about 64-66 inches tall.",0,0,0,1,0,0,0,1,0,0,0,0,0,0,0,0,0,0,0,0,0
"T19",,,,,,,,,,,,,,,,,,,,,,,33.02,28.65,28.89,14.16,,,34.29,47.41,0.00,0.00,0.00,150.00,12.20,13.28,,,,63.81,,23.35,20.87,,12.76,17.44,,15.32,16.77,,45.00,,,,,132.00,,,,,78.22,47.39,33.26,33.32,29.05,28.30,90.00,385.00,75.08,49.04,38.23,25.66,100.00,370.00,15.34,83.86,51.53,"He stood about 5'8"".",0,0,0,0,0,0,0,0,0,0,0,0,0,0,0,0,0,0,0,0,0
"T21",,,,,,,,,,,,,,,,,,,,,,,39.57,33.28,31.85,14.24,109.76,123.69,34.97,39.98,0.00,0.00,0.00,154.00,12.79,11.15,,,354.00,62.96,47.53,22.40,18.12,,11.20,16.30,,12.43,15.51,,,,,,,,,,,,,47.21,31.40,33.80,32.24,28.05,95.00,,,,39.28,25.81,103.00,,,,,"Height based on humerus maximum length (Fordisc).",0,0,0,0,0,0,0,0,0,0,0,0,0,0,0,0,0,0,0,0,0
"T22",,,,,,,,,,,,,,,,,,,,,,,37.03,,,,,,33.27,44.29,0.00,0.00,0.00,,12.67,11.52,,,,,43.31,21.60,17.00,233.00,11.52,14.30,,12.84,14.35,,39.00,,,,,,,,,,78.36,43.68,,,31.08,26.30,90.00,360.00,74.46,44.84,38.03,22.88,95.00,,15.60,82.72,,,0,0,0,0,0,0,0,0,1,0,0,0,0,0,1,0,0,1,0,0,1
"T23",,,,,,,,,,,,34.02,24.10,,,,,,,,,,32.95,36.54,30.99,18.16,,,36.01,43.57,0.00,0.00,0.00,,12.49,10.31,,,304.00,60.94,43.65,22.82,18.53,,11.96,14.77,,12.10,13.21,,35.00,,,,,,,,,,77.31,45.21,26.60,33.89,26.82,27.94,85.00,353.00,71.20,47.07,33.55,23.29,88.00,,12.84,78.63,39.24,,0,0,0,0,0,0,0,0,0,0,0,0,0,0,0,0,0,1,0,0,0
"T24",,,,,,,,,,98.40,108.24,,,,,,,109.54,,,,,30.11,,,14.35,,,33.67,45.77,0.00,0.00,0.00,,12.93,12.30,,,,,,23.02,16.88,,13.00,14.47,,12.50,16.63,,,,,,,,,,,,74.75,47.25,25.20,32.87,29.62,28.95,91.00,378.00,72.24,46.22,36.06,23.64,94.00,,17.02,83.62,,"Tibia max length gives a stature estimate of 68-72"".",0,0,0,0,0,0,0,0,0,0,0,0,0,0,1,0,1,0,0,0,0
"T25",,,,,,,,,,,,,,,,,,,,,,,,,,,,,,,0.00,0.00,0.00,,,,,,,,,,,,,,,,,,,,,,,,,,,,,,27.20,34.24,26.49,29.66,89.00,,,,,,,,15.03,,,,0,0,0,0,0,0,0,0,0,0,0,0,0,0,0,0,0,0,0,0,0
"T26",,,,,,,,,,,,,,,,,,,,,,,,,,,,,,,0.00,0.00,0.00,,,,,,,,,,,,,,,,,,,,,,,,,,,,,,27.42,34.89,30.67,27.17,91.00,,,,,,,,,,,,0,0,0,0,0,0,0,0,0,0,0,0,0,0,0,0,0,0,0,0,0
"T27",,,,,,,,,,,,,,,,,,,,,,,,,,,,,,,0.00,0.00,0.00,,,,,,,,,21.70,18.93,,,,,,,,,,,,,,,,,,,,,,,,,,,,,,,,,,,,0,0,0,0,0,1,0,0,0,0,0,0,0,0,0,0,0,0,0,0,0
"T28",,,118.80,,,92.22,50.70,114.94,57.81,93.87,98.32,46.87,22.65,32.75,31.08,94.60,23.45,100.42,,,31.92,27.66,28.03,,25.12,15.90,,,28.04,44.31,0.00,0.00,0.00,121.00,11.86,9.57,149.00,91.56,292.00,55.79,43.38,19.10,15.55,211.00,9.29,13.68,223.00,10.35,13.36,195.00,32.00,110.27,100.29,108.46,203.00,158.00,,66.82,,,75.65,43.16,24.71,28.98,24.11,24.96,75.00,342.00,66.36,42.22,28.06,22.04,78.00,,12.79,75.54,43.48,,0,0,0,0,0,0,0,0,0,0,0,0,0,0,0,0,0,0,0,0,0
"T30",,,,,,,,,,,,,,,,,,,,,,,,,,,,,32.36,42.84,0.00,0.00,0.00,,12.26,9.51,,,,54.19,40.88,19.48,15.85,,11.90,14.57,,13.43,13.36,,,,,,,,,,,,74.82,42.78,25.25,33.47,31.63,26.57,90.00,351.00,70.65,43.48,35.37,22.93,92.00,,14.71,,,"Height = 64"" +/- 3 based on Fordisc white females.",0,0,0,0,0,0,0,0,0,0,0,0,0,0,0,0,0,0,0,0,0
"T31",,,,,,,,,,,,,,,,,,,112.26,,,,,28.85,29.46,16.18,,,33.05,38.28,0.00,0.00,0.00,144.27,13.68,11.82,143.71,101.18,298.00,58.67,43.50,22.98,18.19,224.00,13.01,16.96,245.00,13.89,16.28,240.00,42.00,108.38,,,200.00,140.00,,68.79,397.00,394.00,75.88,44.88,23.38,30.47,24.89,26.17,80.00,322.00,68.97,49.64,34.89,23.03,88.00,307.00,15.92,73.92,40.16,,0,0,1,0,0,1,0,0,0,0,0,1,1,0,0,0,0,0,0,0,0
"T32",,,,,,,,,,,,,,,,,,,109.76,99.19,34.02,27.92,29.97,27.19,24.00,15.60,,,34.86,44.99,0.00,0.00,0.00,112.22,8.64,7.85,123.34,81.92,247.00,43.83,32.71,18.29,14.38,180.00,9.28,13.44,200.00,12.67,10.69,,32.00,,,82.21,,110.27,60.92,67.72,370.00,,66.79,32.89,23.08,24.02,20.10,19.26,64.00,263.00,61.71,40.74,28.59,20.84,75.00,261.00,10.81,67.11,33.32,"Femur max length was measured with prox & distal epiphyses.  Humerus max length was measured with prox epiphysis.  All other long bones were measured w/o epiphyses.  Height estimated as 4'10"" based on femur max length.",0,0,0,0,1,0,1,1,0,1,0,0,0,1,0,1,0,0,1,0,0
"T33",,,,,,,41.46,,,96.57,103.44,,,,,,,123.00,,,,,37.58,34.47,,16.57,107.63,,,,0.00,0.00,0.00,,12.63,10.99,,,329.00,57.62,44.07,23.07,19.59,,12.93,14.54,,13.62,14.58,,41.00,,105.37,,,,,,,,75.32,46.19,29.77,33.36,30.71,27.97,92.00,372.00,76.15,42.03,37.27,26.15,98.00,,16.64,,,"Fordisc puts this individual around 5'7""-5'9"".",0,0,0,0,0,0,0,0,0,0,0,0,0,0,0,0,0,0,0,0,0
"T34",,,,,,,,,,,,,,,,,,,,,,,,,26.57,11.48,,,,,0.00,0.00,0.00,,12.22,10.92,,,,65.57,47.43,22.00,19.77,,11.13,16.00,,19.94,13.47,,46.00,,,,,,,,,,79.36,48.35,30.91,30.48,27.69,26.89,84.00,,,44.50,38.47,24.23,100.00,,14.90,82.86,41.99,,0,0,0,0,0,0,0,1,0,1,0,0,0,0,1,0,0,0,0,0,0
"T35",,,,,,,,,,,,,,,,,,,,,,27.32,30.67,30.77,27.54,19.59,,,,,0.00,0.00,0.00,,14.98,12.16,,,,57.12,43.26,23.81,20.14,,12.04,13.91,,14.40,17.84,,,,,,,,,72.20,430.00,425.00,77.80,44.90,23.65,29.17,29.31,25.04,83.00,362.00,73.71,46.18,30.90,24.68,87.00,,11.73,73.21,47.17,,0,0,0,0,0,1,0,0,0,0,0,0,0,0,0,0,0,0,0,0,0
"T36",,,,,,,,,,,,,,,,,,,,,,,,33.04,23.41,15.92,,,,,0.00,0.00,0.00,,9.69,7.28,,,,,37.73,18.40,16.30,,9.86,13.75,,12.58,11.47,,,,,,,,60.59,,,,74.80,40.40,25.11,29.14,24.87,22.40,75.00,,64.81,,30.06,22.95,83.00,,12.85,,,,0,0,0,0,0,1,0,0,0,0,0,0,0,0,0,0,1,0,1,0,0
"T37",,,,,,,,,,,,,,,,,,,,,,,29.61,,26.78,15.21,,,33.31,47.42,0.00,0.00,0.00,,13.74,13.11,,,287.00,62.87,47.19,24.37,18.58,219.00,12.15,16.19,,13.88,16.04,,38.00,,,,,,,,,,,47.06,27.05,33.63,,,,,,,36.51,25.69,94.00,,14.78,,,,0,1,1,0,0,0,1,1,1,0,0,0,0,0,1,0,0,0,0,0,0
"T38",,,,,,,,,,,,,,,,,,,,81.69,,,26.58,,23.34,13.98,,,,,0.00,0.00,0.00,,10.57,8.15,,,,,,,,,11.12,15.58,,11.11,13.11,,35.00,,,,,,,,,,,,27.23,30.09,,,,,,,30.24,22.43,81.00,,12.11,,,,0,0,0,0,0,0,0,0,0,0,0,0,0,0,0,0,0,0,0,0,0
"T39",,,,,,,,,,,,,,,,,,,,,,,,,,,,,,,0.00,0.00,0.00,,10.64,10.32,,,,,,16.91,14.58,,11.42,12.91,,,,,,,,,,,,,,,,40.37,23.95,28.89,23.32,21.94,71.00,,,51.58,30.05,24.54,83.00,,12.92,,,,0,0,0,0,0,0,0,0,0,0,0,0,0,0,0,0,1,0,0,0,0
"T40",,,,,,,,,,,,,,,,,,,,,,,,,,,,,,,0.00,0.00,0.00,,12.48,9.80,,,,62.54,,24.65,21.47,,13.44,18.17,,14.84,14.28,,34.00,,,,,,,,,,,,28.79,25.91,,,,,,,,,,,15.34,,,,0,0,0,0,0,0,0,0,0,0,0,0,0,0,0,0,0,0,0,0,0
"T41",,,,,,,,,,,,,,,,,,,,,,,35.27,,,,,,,,0.00,0.00,0.00,,,,,,,,,17.61,14.23,,10.22,12.24,,10.41,10.94,,,,,,,,,,,,,,,,22.72,21.83,72.00,,,,,,,,10.72,,,,0,0,0,0,0,1,0,1,0,1,0,0,0,0,0,0,0,0,0,0,0
"T42",,,,,,,,,,,,,,,,,,,,,,,29.69,,23.40,16.53,,,34.79,44.62,0.00,0.00,0.00,131.88,10.31,10.54,,,286.00,49.86,38.58,20.61,16.91,219.00,10.89,13.65,239.00,14.07,15.19,,38.00,109.79,106.05,117.75,,,,68.77,425.00,420.00,69.16,40.39,27.10,30.83,23.07,25.81,77.00,347.00,63.75,37.99,32.79,22.12,84.00,335.00,17.31,77.56,37.44,,0,0,0,0,0,0,0,0,1,1,0,0,0,0,1,0,1,0,0,1,0
"T47",,,,,,,,,,,,,,,,,,,,,,,,28.77,24.84,14.62,,,32.03,,0.00,0.00,0.00,143.89,12.47,10.63,153.00,109.17,297.00,63.23,42.67,21.27,17.47,218.00,11.48,16.21,,13.58,12.67,,,128.00,94.88,110.96,,153.00,,77.98,420.00,415.00,74.59,44.44,26.80,31.74,26.52,28.57,85.00,,70.77,,35.78,24.39,93.00,,13.41,,,"Mandible measurements indicate female, but the postcranial measurements indicate male.  Coccyx appears to be fused with sacrum.",0,0,0,0,1,0,0,0,0,0,0,0,0,0,0,0,1,0,1,0,0
"T48",,,,,,,,,,,,,,,,,,,,,,,34.80,,,,,,,,0.00,0.00,0.00,,10.89,9.76,,,,57.30,45.80,20.26,17.28,,11.99,16.34,,15.33,14.23,,,,,,,,,,,,,,28.14,31.73,27.33,27.01,84.00,,,,38.45,28.27,104.00,,15.29,80.70,43.78,"Fordisc estimates female based on measurements.  Humerus epicondylar breadth (see Bass p. 152) indicates definitely female.",0,0,0,0,0,0,0,0,0,0,0,0,0,0,0,0,0,0,0,0,0
"T49",,,,,,,,,,,,,,,,,,,,,,,,,,,,,,,0.00,0.00,0.00,,,,,,,,,,,,,,,16.06,19.13,,,,,,,,,,,,,,,,,,,,,,,,,,14.94,,,,0,0,0,0,0,0,0,0,0,1,0,0,0,0,0,0,0,0,0,0,0
"T50",,,,,,,,,,,,,,,,,,,,,,,,25.77,29.82,16.51,,,,,0.00,0.00,0.00,,11.18,10.71,,,,,,21.76,15.66,,,,,,,,,,,,,,,,,,,43.26,27.54,28.85,29.76,25.20,85.00,,,,33.29,25.04,90.00,,13.64,,,"Probably female based on measurements.",0,0,0,0,0,0,0,0,0,0,0,0,0,0,1,0,0,0,0,0,0
"T51A",,,,,,,,,,,,,,,,,,,,,,,,,,,,,,,0.00,0.00,0.00,,12.67,8.56,,,,52.46,,19.78,15.65,,,,,11.82,12.77,,,,,,,,,,,,,39.20,27.03,25.35,29.32,23.44,88.00,,,,30.40,19.35,80.00,,,,,,0,0,0,0,0,0,0,0,0,0,0,0,0,0,0,0,1,0,0,0,0
"T52",,,,,,,,,,,,,,,,,,,,,,,,,,,,,,,0.00,0.00,0.00,,,,,,,,,,,,,,,,,,,,,,,,,,,,,,,,,,,,66.89,45.28,33.91,22.77,88.00,,13.05,82.01,42.91,,0,0,0,0,0,0,0,0,0,0,0,0,0,0,0,0,0,0,0,0,0
"T53",,,,,,,,,,,,,,,,,,,,,,,,,27.20,15.57,,,,,0.00,0.00,0.00,,,,,,,60.84,49.33,,,,12.31,13.74,,11.06,16.48,,,,,,,,,,,,86.54,47.25,22.91,31.11,26.34,26.18,82.00,,,,,,,,,,,,0,0,0,0,0,0,0,0,0,0,0,0,0,0,1,0,0,0,0,0,0
"T56",,,,,,,,,,,,,,,,,,89.83,,88.26,,,28.97,25.28,22.03,11.31,,,,,0.00,0.00,0.00,,10.84,8.68,,,,,,18.39,13.75,,9.26,9.68,,10.74,13.37,,,,,,,,,,,,,,20.07,26.61,22.50,20.71,67.00,,,,,,,,14.80,69.09,,,0,0,0,0,0,0,0,0,0,0,0,0,0,0,0,0,0,0,0,0,0
"T57",,,,,,,,,,,,,,,,,,,,,,,37.71,,,,,,34.87,,0.00,0.00,0.00,147.00,14.31,15.30,,,,66.80,44.11,23.88,19.87,229.00,12.52,16.89,250.00,14.47,15.10,247.00,42.00,,104.74,109.46,,147.00,,,,,84.80,48.54,31.23,35.35,30.83,27.10,93.00,355.00,78.17,46.24,39.30,30.06,102.00,351.00,15.88,,50.72,,0,0,0,0,0,0,0,0,0,0,0,0,0,0,1,0,0,0,0,0,0
"T59",,,,,,,,,,,,,,,,,,,,,,,31.19,,32.67,18.49,,,,,0.00,0.00,0.00,,,,,,,60.32,,,,,,,,,,,,,,,,,,,,,,44.10,28.51,30.80,29.58,27.35,93.00,,,44.08,34.04,24.75,90.00,,,78.41,45.70,,0,0,0,0,0,1,0,0,0,0,0,0,0,0,0,0,0,0,0,0,0
"T61",,,,,,,,,,,,,,,,,,,,,,,,,,,,,,,0.00,0.00,0.00,,,,,,,60.22,,,,,,,,13.41,14.43,,,,,,,,,,,,79.06,,28.70,37.02,28.11,31.00,91.00,,,51.92,35.65,22.70,94.00,,,81.26,46.20,"Unfortunately, none of these measurements can approximate height.",0,0,0,0,0,0,0,0,0,0,0,0,0,0,0,0,0,0,0,0,0
"T64",,,,,,,,,,,,,,,,,,,,,,,,,,,,,,,0.00,0.00,0.00,,,,,,,63.19,42.72,23.47,19.13,,11.89,15.00,,,,,,,,,,,,,,,,,,,,,,,,48.29,,,,347.00,15.99,,,,0,0,0,0,0,0,0,0,0,0,0,0,0,0,0,0,0,0,0,1,0
"T65",,,,,,,,,,,,,,,,,,,,,,,,,,,,,,,0.00,0.00,0.00,,13.52,11.24,,,,63.12,45.99,21.18,18.00,233.00,10.98,15.30,247.00,11.78,16.59,242.00,37.00,116.99,105.38,116.89,,164.00,,,,,80.38,46.51,28.95,34.01,26.98,31.65,95.00,364.00,75.18,49.81,39.27,23.89,100.00,,13.98,78.58,40.15,"Sacrum length measurement includes coccyx, which is fused to S5.",0,0,0,1,0,1,0,1,0,0,0,0,0,0,1,0,0,0,0,0,0
"T66",,,,,,,,,,,,,,,,,,,,,,,37.46,,,14.11,,,,44.30,0.00,0.00,0.00,,12.22,12.14,,,,,,,,231.00,,,,11.16,16.29,,,,,,,,,,,,,47.86,28.71,35.11,,,,,,,,,,,,,,"RADXML more or less estimated from R rad (3 fragments = 1 complete bone).  62-69"" height from Fordisc.",0,0,0,0,0,0,0,0,0,0,0,0,0,0,1,0,0,0,0,0,0
"T67",,,,,98.01,,,128.70,,100.04,103.40,,,,,,,103.82,117.83,102.33,32.30,28.06,32.54,30.87,30.96,14.23,97.69,117.60,33.97,43.02,0.00,0.00,0.00,142.00,14.03,11.66,155.00,101.77,317.00,65.96,49.00,21.12,17.31,231.00,11.09,14.95,251.00,13.85,16.06,247.00,40.00,114.24,111.67,115.36,214.00,,,76.75,432.00,429.00,78.51,48.13,27.02,33.18,27.10,28.65,87.00,,75.40,49.15,37.44,24.72,97.00,,13.22,82.42,43.93,,0,0,0,0,0,1,0,0,0,0,0,0,1,0,1,0,0,0,0,0,0
"T68A",,,,,,,,,,,,,,,,,,,,,,,29.87,30.46,27.38,17.63,,,,,0.00,0.00,0.00,,9.24,11.26,,,,53.40,38.80,22.21,16.51,,10.06,13.61,,11.03,14.96,,40.00,,,,,,,,,,,40.03,27.18,28.46,,,,,,,,,,,,70.50,34.92,"Glenoid fossa measurement - 31.23",0,0,0,1,0,1,0,1,0,0,0,0,0,0,0,0,0,0,0,0,0
"T68B",,,,,,,,,,,,,,,,,,,,,,,,,,,,,,,0.00,0.00,0.00,98.94,10.58,7.96,,,,,,,,,,,,,,,,,,,,,,,,,,,,,,,,,,,,,,,,,,,0,0,0,1,0,0,0,0,0,0,0,0,0,0,0,0,0,0,0,0,0
"T68C",,,,,,,,,,,,,,,,,,,,,,,,21.33,23.95,14.95,,,,,0.00,0.00,0.00,,8.04,5.56,,,,41.22,,,,,,,,,,,,,,,,,,,,,,,,,,,,,,,,,,,,,,,0,0,0,1,0,0,0,0,0,0,0,0,0,0,0,0,0,0,0,0,0
"T69A",,,,,,,,,,,,,,,,,,,,,,,37.09,38.26,28.14,14.82,,,26.64,39.50,0.00,0.00,0.00,134.96,10.97,10.22,,107.22,311.00,62.52,46.46,24.19,16.69,233.00,12.47,16.26,255.00,13.06,14.62,251.00,45.00,,,,212.00,159.00,,68.77,431.00,,76.57,46.47,29.32,33.02,23.09,30.25,84.00,354.00,72.68,47.87,32.81,23.74,88.00,342.00,11.95,,,,0,1,1,1,1,1,0,1,0,1,0,0,0,0,0,1,0,0,1,1,0
"T7",,,,,,,,,,,,,,,,,,,,,,,38.67,32.55,31.38,15.87,,,36.86,48.53,0.00,0.00,0.00,,12.35,13.00,,,,61.14,53.22,24.76,20.66,246.00,12.79,15.96,,15.39,16.84,,45.00,,,,,,,,452.00,450.00,83.41,50.12,31.00,32.06,32.57,27.40,94.00,,,53.43,39.29,27.99,104.00,,18.26,,,,0,0,0,0,0,1,0,0,1,0,0,0,0,0,1,0,1,0,0,0,0
"T70",,,,,,,,,48.50,85.51,86.04,37.38,,28.53,27.51,,18.24,106.11,,,,,24.53,22.64,17.52,13.12,,,26.63,32.32,0.00,0.00,0.00,81.20,7.45,4.60,,60.07,157.00,32.31,,11.73,10.53,123.32,6.91,8.94,134.25,7.77,8.32,,,,,,,86.32,,49.62,239.00,,45.78,20.87,15.94,19.69,15.45,13.28,46.00,181.00,,,17.78,15.57,52.00,,7.84,,,"FEMXL measured swith epiphyses.",0,1,1,0,1,1,0,1,1,0,1,1,1,0,1,0,0,0,0,0,0
"T72",,,,,,,,,,,,,,,,,,,108.37,,,,23.79,,,,,,,,0.00,0.00,0.00,,,,,,,,38.14,15.94,15.10,,,,,,,,,,,,,,,,,,71.60,,,,,,,326.00,66.89,49.60,27.54,23.79,81.00,283.00,14.19,70.33,43.07,"Fibula measured without epiphyses, tibia with epiphyses (to see if it helps in aging).",0,0,0,0,0,0,0,0,0,0,0,0,0,0,0,0,0,1,0,0,0
"T73",,,137.47,,,,48.77,127.54,72.52,101.71,107.77,51.66,24.01,35.46,34.44,101.09,29.46,106.92,105.33,91.04,,,37.54,32.74,26.31,19.01,98.05,125.48,34.27,46.63,0.00,0.00,0.00,148.89,14.55,13.45,,,303.00,60.01,45.88,22.21,20.40,225.00,13.17,17.02,239.00,18.11,15.26,235.00,40.00,118.17,99.50,112.17,202.00,152.00,75.20,73.95,424.00,420.00,80.55,44.84,27.98,31.46,29.82,26.10,86.00,347.00,74.87,46.63,38.22,26.88,104.00,336.00,16.33,80.07,44.70,,0,0,0,0,0,0,0,0,0,0,1,0,0,1,0,0,0,0,0,0,0
"T75",,,,,,,,,,,,,,,,,,108.64,,,,,30.34,24.70,24.05,16.95,95.54,,32.31,40.50,0.00,0.00,0.00,,12.66,9.33,,,,,39.52,22.05,17.75,,,,,,,,,,,,,,,,,,,43.35,,,,,,,,43.18,34.51,24.99,94.00,,17.49,72.87,37.67,,0,1,1,1,0,1,0,0,0,0,0,0,0,0,0,0,0,0,0,0,0
"T76",,,119.64,,,101.78,56.77,133.92,73.01,99.31,105.59,53.17,20.29,35.83,33.30,95.57,21.60,112.79,119.48,102.10,37.38,29.41,31.20,33.68,35.37,18.33,104.15,132.83,38.53,46.71,0.00,0.00,0.00,134.40,11.21,12.41,153.80,108.29,309.00,62.71,42.66,22.75,19.76,,12.35,14.24,,16.50,13.60,,,,,,,,,,444.00,,82.40,45.83,27.21,31.23,28.41,25.60,87.00,362.00,75.80,50.78,36.04,26.56,93.00,341.00,14.12,77.96,41.74,"R hum 309mm XL, L hum 275mm.  Difference of 34mm.  Possible fracture.",0,0,0,0,0,1,0,0,0,0,0,0,0,0,0,0,0,0,0,0,0
"T77",,,,,,,,,,,,,,,,,,,,,,,,,,,,,,,0.00,0.00,0.00,,14.61,12.90,156.00,109.81,,61.78,,24.99,21.03,246.00,12.88,17.30,265.00,14.39,17.81,260.00,45.00,,,,,,,,,,78.22,44.99,32.36,31.88,,,,383.00,76.35,46.62,39.21,25.72,102.00,,17.81,79.79,39.46,"R glenoid fossa = 37.28.",0,0,0,1,0,0,0,0,0,0,0,0,0,0,1,0,0,0,0,0,0
"T79",,,,,,,,,,,,,,,,,,,,,,,,,,,,,,,0.00,0.00,0.00,,,,,,,,,,,,,,,,,,,,,,,,,,,,80.15,,,,,,,382.00,77.56,47.23,,,,,14.29,82.49,,,0,0,0,0,0,0,0,0,0,0,0,0,0,0,0,0,1,0,0,0,1
"T8",,,,,,,,,,,,,,,,,,,,92.11,33.24,26.47,28.86,22.05,20.31,13.91,84.13,102.58,30.56,36.35,0.00,0.00,0.00,84.87,7.41,5.95,83.80,59.59,166.00,35.05,23.82,14.11,12.48,124.41,6.59,10.59,138.60,9.96,9.08,,27.00,,,68.16,,88.53,,51.70,,,,26.41,19.08,22.31,14.47,16.17,50.00,,42.96,28.84,,,,,9.28,,,,0,0,0,0,1,0,0,0,0,1,0,1,0,0,0,0,1,0,1,0,0
"T80",,,122.28,,,91.49,53.30,119.19,63.00,96.50,101.35,46.01,22.35,34.90,32.45,90.66,23.75,110.07,118.32,92.33,37.16,31.80,27.55,,,,,,,,0.00,0.00,0.00,,,,,,,,,,,,,,,,,,,,,,,,,,,,,,,,,,,,,,,,,,,,,"Per Standards, cranial measurements taken of this 12-year-old under Adult Measurements.  For long bone measurements, see under Subadult Measurements.",0,0,0,0,0,0,0,0,0,0,0,0,0,0,0,0,0,0,0,0,0
"T81",,,128.56,,,98.30,52.60,127.48,67.50,101.67,104.47,54.36,23.29,34.77,35.69,98.12,21.35,110.50,110.24,98.28,34.37,31.32,37.02,30.15,26.93,15.23,95.14,133.24,32.75,44.52,0.00,0.00,0.00,146.71,14.62,11.72,,,330.00,63.04,47.63,22.51,19.36,,,,,,,,,,,,,,,,,,,,,,,,,,,50.78,32.68,24.91,92.00,347.00,14.99,84.17,46.77,"Cranial = female, postcranial = male.",0,0,0,0,0,1,1,0,0,0,0,0,0,0,0,0,0,0,0,1,0
"T82A",,,,,,,,,,,,,,,,,,,,,,,25.53,31.23,29.71,12.55,93.45,124.06,30.49,33.83,0.00,0.00,0.00,143.00,12.13,8.72,142.84,,303.00,52.47,36.64,17.85,15.58,,9.98,15.42,,16.43,10.85,,,,,,199.00,,,,,,,40.10,25.62,30.11,25.36,24.69,,,,38.75,31.46,19.11,,,,38.58,,"Height estimate based on humerus maximum length.  R humerus max length = 303.  L humerus max length = 283.  Difference of 20mm.",0,0,0,0,0,0,0,0,0,0,0,0,0,0,1,0,0,0,0,0,1
"T82B",,,,,,,46.87,,,94.80,101.33,,,,,,,,,95.31,,,31.50,,28.88,14.34,,,30.75,41.31,0.00,0.00,0.00,155.00,13.61,12.09,154.00,114.11,,61.19,48.45,22.18,19.12,,,,,,,,,,,,,,,,,,,,,,,,,,,,,,,,,,,"Cranium = female, postcranium = male.",0,0,0,1,1,0,0,0,0,0,0,0,0,0,0,0,0,0,0,0,0
"T83A",,,,,,,,,,,,,,,,,,,,,,,,,,,,,,,0.00,0.00,0.00,,,,,,,,,,,,,,,,,,,,,,,,,,439.00,437.00,80.11,48.15,29.77,32.50,28.68,28.41,88.00,354.00,74.49,52.12,32.35,25.27,88.00,,12.87,78.96,38.67,,0,0,0,0,0,0,0,0,0,0,0,0,0,0,0,0,0,0,0,0,0
"T83B",,,,,,,,,,,,,,,,,,,116.75,,,,33.34,33.12,32.36,14.31,,,33.92,41.92,0.00,0.00,0.00,128.99,11.55,9.57,,104.91,348.00,62.93,,21.52,18.40,,12.17,16.42,,,,,42.00,,,114.16,,,76.21,86.26,,,,48.88,29.12,36.16,30.26,27.61,92.00,,,,,,,,,,,"Humerus max length was measured with detachable epiphysis to obtain a rough estimate of height.  Fordisc puts him at 6' tall, plus or minus 4"".  L hum XL 337; R hum XL 348.  Difference of 9mm.",0,0,0,0,0,0,0,0,0,0,0,0,0,0,0,0,0,0,0,0,0
"T84",,,,,,,44.01,,60.78,102.33,104.57,46.55,23.29,36.70,35.77,97.84,22.08,,,,,,,28.20,24.37,14.60,,,29.89,40.54,0.00,0.00,0.00,,14.15,9.76,,,,,36.68,20.91,17.37,,10.44,15.32,,14.83,13.35,,37.00,,,,,124.61,,71.33,,,,38.93,24.75,30.82,22.92,21.04,72.00,,69.03,50.51,30.33,23.86,86.00,,14.05,73.49,40.96,,0,0,0,0,0,0,0,1,0,1,0,1,0,0,1,0,1,0,0,0,0
"T85",,,,,,,,,,,,,,,,,,,,,,,,,,,,,,,0.00,0.00,0.00,,,,,,244.00,50.40,,20.72,15.17,178.00,10.24,13.73,205.00,11.49,11.94,,34.00,,,,,,59.75,72.49,331.00,,,,23.32,25.38,23.83,20.60,71.00,267.00,,,28.55,22.75,80.00,,,,,,0,0,0,0,0,1,0,0,0,0,0,0,0,0,0,0,0,0,0,0,0
"T86",,,,,,,,,,,,,,,,,,,,,,,,,,,,,,,0.00,0.00,0.00,,,,,,,,,,,,,,,,,,,,,,,,,,459.00,452.00,88.38,50.11,31.49,37.05,35.25,29.04,101.00,398.00,83.35,51.12,40.35,28.80,109.00,,,,,,0,0,0,0,0,0,0,0,0,0,0,0,0,0,0,0,0,0,0,0,0
"T9",,,,,,,,,,,,,,,,,,,,,,,,15.47,,,,,,,0.00,0.00,0.00,58.01,8.08,7.24,,,,25.09,,9.86,9.03,73.19,6.63,6.32,83.21,8.21,9.50,,,,,,,,,,,,,,,,9.92,9.66,36.00,96.94,23.90,,11.41,9.77,,90.31,6.01,20.93,,,0,0,0,0,0,1,0,1,0,0,0,0,0,0,0,0,0,0,0,0,0
"US15A",,,,,,,,,,,,,,,,,,,,,,,,,,,,,,,0.00,0.00,0.00,,,,,,,,,,,,,,106.43,6.96,6.99,,24.00,,,,,,,,,,,,,,,,,146.85,,24.32,15.83,16.21,49.00,,,,,,0,0,0,0,0,0,0,0,0,1,0,0,0,0,0,0,1,0,0,0,0
"US15B",,,,,,,,,,,,,,,,,,,,,,,,,,,,,,,0.00,0.00,0.00,,,,,,,,,,,,,,,,,,,,,,,,,,,,,,,,,,,,49.68,,23.52,18.95,65.00,,,,,,0,0,0,0,0,0,0,0,0,0,0,0,0,0,0,0,0,0,0,0,0
"US15C",,,,,,,,,,89.89,,,,,,,,,,,,,,,25.08,16.10,,,37.54,48.40,0.00,0.00,0.00,,,,,,,,,,,,,,,,,,,,,,,,,,,,,,,,,,,,,,,,,,,,,,0,0,0,0,0,0,0,0,0,0,0,0,0,0,0,0,0,0,0,0,0
"US15D",,,,,,,,,,,,,,,,,,,,,,,,,,,,,,,0.00,0.00,0.00,,,,,,,,,,,,,,262.00,13.63,18.29,256.00,39.00,,,,,,,,,,,,,,,,,,,39.93,,,,,,,,,0,0,0,0,0,0,0,0,0,0,1,0,0,0,0,0,0,0,0,0,0
"US15E",,,,,,,,,,,,,,,,,,,,,,,,,,,,,,,0.00,0.00,0.00,140.48,12.39,9.60,,,,,47.52,21.79,18.78,,,,,,,,,,,,,,,,,,,,,,,,,,,48.22,,,,,,,,,0,0,0,1,0,1,0,0,0,0,0,0,0,0,0,0,0,0,0,0,0
"US31A",,,,,,,,,,,,,,,,,,,,,,,,31.46,25.34,19.72,101.76,,,,0.00,0.00,0.00,,10.81,9.43,,,,,,,,,,,,,,,,,,,,,,,,,,,,,,,,,,,,,,,,,,,0,0,0,0,0,0,0,0,0,0,0,0,0,0,0,0,0,0,0,0,0
"US36A",,,,,,,,,,,,,,,,,,,,,,,,,30.66,12.68,,,,,0.00,0.00,0.00,,,,,,,,,,,,,,,,,,,,,,,,,,,,,,,,,,,,,,,,,,,,,,0,0,0,0,0,0,0,0,0,0,0,0,0,0,0,0,0,0,0,0,0
"US36B",,,,,,,,,,,,,,,,,,,,,,,,23.70,22.32,14.95,96.80,114.56,30.15,36.70,0.00,0.00,0.00,,,,,,,,,,,,,,,,,,,,,,,,,,,,,,,,,,,,,,,,,,,,,,0,0,0,0,0,0,0,0,0,0,0,0,0,0,0,0,0,0,0,0,0
"US36C",,,,,,,,,,,,,,,,,,,,,,,,29.39,24.59,16.94,,,34.24,46.13,0.00,0.00,0.00,,,,,,,,,,,,,,,,,,,,,,,,,,,,,,,,,,,,,,,,,,,,,,0,0,0,0,0,0,0,0,0,0,0,0,0,0,0,0,0,0,0,0,0
"US36D",,,119.76,,,,42.09,,57.98,94.22,100.17,47.80,24.82,34.33,31.93,96.29,24.87,,,,,,,,,,,,,,0.00,0.00,0.00,,,,,,,,,,,,,,,,,,,,,,,,,,,,,,,,,,,,,,,,,,,,,,0,0,0,0,0,0,0,0,0,0,0,0,0,0,0,0,0,0,0,0,0
"US505A",,,,,,,,,,,,,,,,,,,,,,,,29.88,28.16,15.09,,,31.33,38.51,0.00,0.00,0.00,,,,,,,,,,,,,,,,,,,,,,,,,,,,,,,,,,,,,,,,,,,,,,0,1,1,0,0,0,0,0,0,0,0,0,0,0,0,0,0,0,0,0,0
"US66B",,,,,,,,,,,,,,,,,,,,,,,,,,,,,,,0.00,0.00,0.00,,,,,,,,,,,,9.52,12.66,,,,,38.00,,,,,,,,,,68.43,,,,,,,,,,,,,,,,,"Seriation of measurements put this adolescent at 11-15 years old.",0,0,0,0,0,0,0,1,0,0,0,0,0,0,0,0,0,0,0,0,0
"US66C",,,,,,,,,,,,,,,,,,,,,,,,,26.76,16.16,,,37.98,,0.00,0.00,0.00,,,,,96.79,,53.51,,21.56,18.53,,,,,,,,,,,,,,,,,,,,,,,,,,,,,,,,,,,"L glenoid fossa = 33.69; R glenoid fossa = 32.85.  Both indicate female.",0,0,0,0,1,1,0,0,0,0,0,0,0,0,0,0,0,0,0,0,0
"US66D",,,,,,,,,,,,,,,,,,,,,,,,,31.95,16.82,,,39.43,48.71,0.00,0.00,0.00,145.22,14.41,13.24,,,,61.26,,25.38,21.52,,13.41,16.51,,13.86,18.26,,,,,,,,,,,,82.10,,,,,,,,,,,,,,,,,"Glenoid fossae lengths: L = 37.02; R = 37.82.",0,1,1,1,0,1,0,1,0,1,0,0,0,0,0,0,0,0,0,0,0
